Index,POP,Hsc 40,Hsc 40.1,Hsc 24,Hsc 24.1,Hsc 20,Hsc 20.1,Hsc11,Hsc11.1,Hsc59,Hsc59.1,Hsc28,Hsc28.1,Hsc44,Hsc44.1,Hsc17,Hsc17.1,Hsc 48,Hsc 48.1,Hsc 42,Hsc 42.1,Hsc 49,Hsc 49.1,Hsc 31,Hsc 31.1,Hsc 62,Hsc 62.1,isnull_Hsc40,isnull_Hsc24,isnull_Hsc20,isnull_Hsc11,isnull_Hsc59,isnull_Hsc28,isnull_Hsc44,isnull_Hsc17,isnull_Hsc48,isnull_Hsc42,isnull_Hsc49,isnull_Hsc31,isnull_Hsc62
STA_12_1,1,260,288,207,209,200,222,154,154,236,236,192,276,182,198,190,200,152,162,251,253,155,179,175,175,252,254,0,0,0,0,0,0,0,0,0,0,0,1,1
STA_12_2,1,260,264,193,193,200,214,150,150,236,236,264,411,182,198,194,194,154,154,253,255,155,167,175,175,246,251,0,0,0,0,0,0,0,0,0,0,0,0,1
STA_12_3,1,288,316,193,209,200,214,150,154,234,236,192,192,186,198,190,204,154,154,251,253,167,183,175,175,249,253,0,0,0,0,0,0,0,0,0,0,0,1,1
STA_12_4,1,236,268,207,211,200,216,150,150,234,238,192,237,186,198,184,194,150,156,253,255,155,167,175,175,250,258,0,0,0,0,0,0,0,0,0,0,0,0,1
STA_12_5,1,272,284,197,199,200,200,150,154,240,240,192,306,182,206,192,194,154,154,251,255,167,187,175,175,250,254,0,0,0,0,0,0,0,0,0,0,0,0,0
STA_12_6,1,292,316,193,211,200,222,150,154,238,238,222,258,182,182,192,192,154,154,251,253,163,171,175,175,250,256,0,0,0,0,0,0,0,0,0,0,0,0,0
STA_12_7,1,228,240,197,201,214,216,150,150,236,238,192,252,186,186,190,190,150,150,253,253,175,211,175,175,250,250,0,0,0,0,0,0,0,0,0,0,0,1,0
STA_12_8,1,252,252,193,211,202,220,148,160,238,238,192,192,186,170,192,192,154,154,253,253,163,203,175,175,252,252,0,0,0,0,0,0,0,0,0,0,0,0,0
STA_12_10,1,304,304,193,211,200,214,148,154,236,236,192,237,194,194,186,186,154,154,253,253,183,199,175,175,251,254,0,0,0,0,0,0,0,0,0,0,0,0,1
STA_12_11,1,260,320,193,207,214,200,150,154,240,238,246,465,178,190,186,192,154,154,251,253,167,215,175,175,248,250,0,0,0,0,0,0,0,0,0,0,0,0,1
STA_12_12,1,244,300,207,211,200,220,150,164,236,238,192,192,190,190,192,192,154,154,251,253,167,171,175,175,247,252,0,0,0,0,0,0,0,0,0,0,0,1,1
STA_12_13,1,312,372,209,215,200,200,154,154,234,238,192,228,170,182,190,192,154,154,251,251,167,175,175,175,248,248,0,0,0,0,0,0,0,0,0,0,0,0,0
STA_12_14,1,297,300,193,201,200,212,150,154,238,240,192,285,182,186,186,208,154,154,253,253,183,199,175,175,246,250,1,0,0,0,0,0,0,0,0,0,0,0,1
STA_12_15,1,248,276,193,201,202,210,150,150,236,238,243,399,182,190,192,196,154,154,251,253,167,167,175,175,248,248,0,0,0,0,0,0,0,0,0,0,0,0,0
STA_12_16,1,292,313,193,193,210,218,150,150,234,238,246,252,170,198,198,198,150,154,251,255,175,175,175,175,250,250,1,0,1,0,0,0,0,0,0,0,0,0,0
STA_12_17,1,280,372,199,215,200,214,150,152,236,238,192,192,174,194,184,196,150,154,253,253,179,179,175,175,250,253,0,0,0,0,0,0,0,0,0,0,0,0,1
STA_12_18,1,300,360,203,209,214,214,150,150,234,236,192,282,190,194,186,194,152,154,251,251,163,167,175,175,242,248,0,0,0,0,0,0,0,0,0,0,0,0,0
STA_12_19,1,304,340,193,193,220,202,150,152,236,240,192,309,178,190,192,194,154,154,253,261,167,211,175,175,248,248,0,0,0,0,0,0,0,0,0,0,0,0,0
STA_12_20,1,252,252,199,206,200,200,154,154,236,236,246,297,186,198,192,195,154,154,253,253,167,175,175,175,246,252,0,1,0,0,0,0,0,1,0,0,0,0,1
STA_12_21,1,252,252,197,207,208,220,148,148,234,238,192,252,190,198,194,194,150,150,251,253,163,171,175,175,252,266,0,0,0,0,0,0,0,0,0,0,0,0,0
STA_12_22,1,272,296,193,203,214,214,164,164,236,238,192,195,182,182,192,192,154,154,251,253,179,195,175,175,250,252,0,0,0,0,0,0,0,0,0,0,0,0,1
STA_12_23,1,276,316,193,201,212,216,150,154,234,250,192,192,186,186,184,196,154,154,251,253,167,187,175,175,250,252,0,0,0,0,0,0,0,0,0,0,0,0,0
STA_12_24,1,280,280,193,193,200,212,154,154,238,248,192,195,178,182,192,194,154,158,251,253,187,207,175,175,250,251,0,0,0,0,0,0,0,0,0,0,0,0,1
STA_12_25,1,260,320,193,207,214,202,150,154,240,240,246,465,178,190,186,192,154,154,251,253,167,215,175,175,248,250,0,0,0,0,0,0,0,0,0,0,0,0,1
STA_12_26,1,296,376,197,209,206,210,150,154,236,248,192,192,186,190,186,192,150,154,251,253,163,215,175,175,246,248,0,0,0,0,0,0,0,0,0,0,0,0,0
STA_12_27,1,344,352,193,193,214,214,154,162,236,238,192,246,190,198,192,192,154,154,255,255,179,203,175,175,250,253,0,0,0,0,0,0,0,0,0,0,0,0,1
STA_12_28,1,296,296,193,209,212,226,150,150,236,248,192,192,182,182,192,192,154,158,251,251,167,171,175,175,248,248,0,0,0,0,0,0,0,0,0,0,0,0,0
STA_12_29,1,280,320,193,203,200,212,150,154,236,238,192,219,170,182,184,190,154,156,251,253,167,179,175,175,248,248,0,0,0,0,0,0,0,0,0,0,0,0,0
STA_12_30,1,292,316,197,209,214,244,150,150,240,240,192,243,190,194,192,196,150,154,253,255,171,195,175,175,248,252,0,0,0,0,0,0,0,0,0,0,0,0,0
STA_12_31,1,308,312,193,209,202,202,150,150,234,240,192,384,178,198,190,200,154,154,251,253,179,215,175,175,247,248,0,0,0,0,0,0,0,0,0,0,0,0,1
STA_12_32,1,324,332,197,217,210,220,150,150,238,238,237,492,178,182,192,196,154,154,251,253,163,191,175,175,249,252,0,0,0,0,0,0,0,0,0,0,0,0,1
STA_12_33,1,272,272,193,197,214,202,150,154,238,240,192,249,182,202,198,208,153,154,251,253,168,177,175,175,248,250,0,0,0,0,0,0,0,0,1,0,1,0,0
STA_12_34,1,288,348,193,211,200,200,152,152,238,240,192,192,170,190,186,208,154,156,253,255,191,195,175,175,251,252,0,0,0,0,0,0,0,0,0,0,0,0,1
STA_12_35,1,316,344,197,209,200,218,150,164,238,238,192,192,186,186,192,196,154,162,253,253,179,215,175,175,252,254,0,0,0,0,0,0,0,0,0,0,0,0,0
STA_12_36,1,252,360,193,197,220,230,150,150,234,236,192,192,178,190,190,194,150,150,251,253,159,167,175,175,248,248,0,0,0,0,0,0,0,0,0,0,0,0,0
STA_12_37,1,228,312,193,201,200,202,150,150,238,248,192,252,186,190,186,192,150,150,251,251,163,163,175,175,248,250,0,0,0,0,0,0,0,0,0,0,0,1,0
STA_12_38,1,228,300,193,211,214,214,150,150,234,236,192,192,182,186,186,196,150,154,251,253,167,175,175,175,250,253,0,0,0,0,0,0,0,0,0,0,0,0,1
STA_12_39,1,268,268,199,209,200,210,154,164,236,238,192,231,190,190,190,194,152,156,253,253,159,167,175,175,248,253,0,0,0,0,0,0,0,0,0,0,0,1,1
STA_12_40,1,328,332,197,207,212,214,154,148,236,238,192,237,182,194,192,200,154,154,251,253,195,207,175,175,250,253,0,0,0,0,0,0,0,0,0,0,0,0,1
STA_12_41,1,300,344,199,211,210,214,150,154,236,236,192,249,186,198,196,196,150,154,251,251,159,163,175,175,252,254,0,0,0,0,0,0,0,0,0,0,0,0,0
STA_12_42,1,312,312,207,209,214,214,150,164,236,236,192,192,178,182,194,196,154,154,251,253,179,179,175,175,248,250,0,0,0,0,0,0,0,0,0,0,0,0,0
STA_12_44,1,252,312,199,215,212,200,150,154,248,248,192,243,170,198,186,190,154,154,251,253,159,167,175,175,252,252,0,0,0,0,0,0,0,0,0,0,0,0,0
STA_12_45,1,268,296,193,197,214,232,150,148,238,238,192,246,186,190,190,194,152,154,251,253,167,167,175,175,252,252,0,0,0,0,0,0,0,0,0,0,0,0,0
STA_12_46,1,228,276,193,207,224,202,150,154,238,238,192,243,194,206,190,194,150,154,253,261,159,167,175,175,250,253,0,0,0,0,0,0,0,0,0,0,0,0,1
STA_12_47,1,284,300,199,209,218,218,150,148,236,250,192,273,170,182,192,194,150,150,251,251,167,191,175,175,248,250,0,0,0,0,0,0,0,0,0,0,0,0,0
STA_12_48,1,228,256,205,205,211,216,154,154,238,238,153,192,186,190,190,194,150,156,251,253,167,179,175,175,248,248,0,0,1,0,0,0,0,0,0,0,0,0,0
STA_12_49,1,320,320,193,211,200,212,150,154,240,262,192,192,170,178,188,192,154,154,251,257,179,195,175,175,250,253,0,0,0,0,0,0,0,0,0,0,0,0,1
STA_12_50,1,300,300,197,205,218,220,154,154,238,238,192,246,190,222,190,190,150,150,247,253,167,167,175,175,250,254,0,0,0,0,0,0,0,0,0,0,0,0,1
STA_12_51,1,304,316,205,211,214,240,154,154,238,256,192,252,174,178,192,194,150,154,253,253,195,199,175,175,248,248,0,0,0,0,0,0,0,0,0,1,0,0,0
STA_12_52,1,228,252,197,199,198,214,150,152,236,240,192,192,182,194,190,194,152,155,251,253,163,171,175,175,248,250,0,0,0,0,0,0,0,0,1,1,0,0,0
SOR_12_1_Hos,2,289,298,195,203,202,213,146,148,236,238,273,273,190,198,192,194,154,154,253,253,175,199,175,175,242,250,1,1,1,0,0,0,0,0,0,0,0,0,0
SOR_12_2_Hos,2,320,332,197,207,218,224,146,148,238,240,192,198,170,186,190,208,154,154,251,253,159,175,175,175,248,252,0,0,0,0,0,0,0,0,0,0,0,0,0
SOR_12_3_Hos,2,320,320,197,211,212,214,146,148,238,242,246,252,182,186,188,190,154,154,253,253,167,179,175,175,248,250,0,0,0,0,0,0,0,0,0,0,0,0,0
SOR_12_4_Hos,2,228,232,193,213,214,214,146,148,236,236,234,237,182,182,196,196,152,154,251,253,159,167,175,175,252,252,0,0,0,0,0,0,0,0,0,0,0,0,0
SOR_12_5_Hos,2,316,316,197,207,214,226,146,148,234,238,192,252,178,182,190,192,154,156,253,253,167,191,175,175,248,250,0,0,0,0,0,0,0,0,0,0,0,0,0
SOR_12_6_Hos,2,256,344,193,193,200,208,146,148,238,238,192,192,170,170,190,192,154,154,251,253,167,167,175,175,250,254,0,0,0,0,0,0,0,0,0,0,0,0,1
SOR_12_7_Hos,2,264,304,199,204,214,214,148,148,236,238,192,249,198,198,190,194,154,154,251,253,167,211,175,175,248,248,0,1,0,0,0,0,0,0,0,0,0,0,0
SOR_12_8_Hos,2,288,304,201,201,214,214,148,152,238,248,246,258,178,190,188,190,150,154,253,253,179,179,175,175,252,252,0,0,0,0,0,0,0,0,0,0,0,0,0
SOR_12_9_Hos,2,264,320,195,208,212,212,148,148,238,250,192,192,170,198,192,194,150,154,253,253,175,203,175,175,250,250,0,1,0,0,0,0,0,0,0,0,0,1,0
SOR_12_10_Hos,2,288,320,198,207,214,232,146,148,236,238,192,246,182,186,190,190,154,154,251,251,159,175,175,175,250,250,0,1,0,0,0,0,0,0,0,0,0,0,0
SOR_12_11_Hos,2,308,308,193,197,212,216,146,148,238,248,192,219,174,182,186,192,154,154,251,255,163,167,175,175,248,248,0,0,0,0,0,0,0,0,0,0,0,0,0
SOR_12_12_Hos,2,260,312,193,199,224,226,146,152,234,236,192,243,178,194,190,192,154,154,251,253,155,167,175,175,250,250,0,0,0,0,0,0,0,0,0,0,0,0,0
SOR_12_13_Hos,2,284,284,193,205,214,226,148,152,238,238,192,249,170,198,188,190,154,154,251,253,179,207,175,175,251,254,0,0,0,0,0,0,0,0,0,0,0,0,1
SOR_12_14_Hos,2,228,312,193,197,214,214,152,158,248,240,192,249,182,186,206,208,150,150,251,251,167,167,175,175,264,252,0,0,0,0,0,0,0,0,0,0,0,0,0
SOR_12_15_Hos,2,264,316,198,209,214,214,148,152,236,236,192,192,182,186,196,196,154,154,253,251,167,171,175,175,252,264,0,1,0,0,0,0,0,0,0,0,0,0,0
SOR_12_16_Hos,2,304,324,207,209,214,218,148,162,238,260,192,282,186,190,190,204,162,162,251,251,159,163,175,175,248,248,0,0,0,0,0,0,0,0,0,0,0,0,0
SOR_12_17_Hos,2,220,276,197,207,200,200,150,152,246,248,192,264,186,194,190,192,154,154,251,251,159,171,175,175,248,252,0,1,0,0,0,0,0,0,0,0,0,1,0
SOR_12_18_Hos,2,281,286,197,203,214,216,148,152,234,238,192,282,170,190,192,192,154,154,253,253,163,167,175,175,248,252,1,1,0,0,0,0,0,0,0,0,0,1,0
SOR_12_19_Hos,2,228,364,193,205,200,214,146,148,234,238,246,408,170,186,194,194,154,154,253,253,167,199,175,175,250,250,0,0,0,0,0,0,0,0,0,0,0,0,0
SOR_12_21_Hos,2,232,252,199,203,214,214,146,148,238,260,249,252,182,186,194,208,154,154,251,253,167,167,175,175,258,258,0,0,0,0,0,0,0,0,0,0,0,0,0
SOR_12_22_Hos,2,320,320,211,211,200,200,134,148,238,260,192,291,182,182,196,196,150,152,251,253,159,167,175,175,262,262,0,0,0,0,0,0,0,0,0,0,0,0,0
SOR_12_23_Hos,2,304,304,193,201,214,214,148,152,234,238,192,279,182,198,192,194,154,154,251,253,159,163,175,175,262,262,0,0,0,0,0,0,0,0,1,0,0,0,0
SOR_12_24_Hos,2,304,312,203,211,198,208,146,148,234,236,246,249,170,198,190,194,154,154,251,255,159,159,175,175,258,258,0,0,0,0,0,0,0,0,0,0,0,0,0
SOR_12_25_Hos,2,228,228,193,193,200,214,146,148,236,242,192,300,182,186,190,204,154,154,253,253,159,167,175,175,250,250,0,0,0,0,0,0,0,0,0,0,0,0,0
SOR_12_26_Hos,2,252,292,201,211,200,226,148,152,236,238,192,252,194,198,192,192,154,154,251,251,163,175,175,175,250,250,0,0,0,0,0,0,0,0,0,0,0,0,0
SOR_12_27_Hos,2,256,256,193,197,200,214,148,148,238,238,192,192,178,178,192,196,150,150,253,253,167,203,175,175,250,250,0,0,0,0,0,0,0,0,0,0,0,0,0
SOR_12_28_Hos,2,292,316,193,209,224,226,146,162,236,238,192,192,182,194,190,192,154,154,253,253,163,207,175,175,250,250,0,0,0,0,0,0,0,0,0,0,0,0,0
SOR_12_29_Hos,2,344,344,201,211,196,214,148,148,238,238,246,249,178,202,190,196,154,154,251,253,167,183,175,175,248,250,0,0,0,0,0,0,0,0,0,0,0,0,0
SOR_12_30_Hos,2,328,344,193,209,200,212,148,152,236,242,192,408,186,198,190,192,150,154,251,253,291,291,175,175,248,248,0,0,0,0,0,0,0,0,0,0,0,0,0
SOR_12_31_Hos,2,276,276,193,193,222,222,148,152,238,248,195,246,186,186,196,208,154,154,253,255,167,179,175,175,252,252,0,0,0,0,0,0,0,0,0,0,0,1,0
SOR_12_32_Hos,2,228,228,193,199,214,218,146,148,234,238,192,246,182,190,192,192,150,150,251,253,167,179,175,175,248,254,0,0,0,0,0,0,0,0,0,0,0,0,0
SOR_12_33_Hos,2,228,264,193,213,192,220,146,148,238,242,192,240,178,198,190,192,154,154,251,253,167,171,175,175,248,270,0,0,0,0,0,0,0,0,0,0,0,0,0
SOR_12_34_Hos,2,324,340,193,211,198,214,148,152,236,242,246,408,190,198,190,190,154,154,251,253,167,179,175,175,252,252,0,0,0,0,0,0,0,0,0,0,0,0,0
GUI_12_1,3,248,248,193,193,200,206,150,154,236,236,192,219,182,186,192,200,150,150,251,255,159,171,175,175,248,248,0,0,0,0,0,0,0,0,0,0,0,0,0
GUI_12_2,3,260,260,193,207,210,212,148,154,236,238,192,261,170,182,194,194,150,154,251,251,175,179,175,175,242,250,0,0,0,0,0,0,0,0,0,0,0,0,0
GUI_12_4,3,240,264,199,203,222,200,148,150,238,238,192,192,182,190,194,196,156,156,253,255,159,171,175,175,264,264,0,0,0,0,0,0,0,0,0,0,0,0,0
GUI_12_5,3,268,268,193,197,214,214,134,150,236,238,195,195,182,194,196,198,154,154,251,253,167,183,175,175,249,251,0,0,0,0,0,0,0,0,0,0,0,0,1
GUI_12_6,3,252,252,205,211,200,198,150,154,236,238,195,195,178,190,192,192,150,152,251,253,167,183,175,175,250,256,0,0,0,0,0,0,0,0,0,0,0,0,0
GUI_12_7,3,300,336,193,201,200,218,150,154,236,236,192,192,186,198,190,208,162,162,253,253,167,179,175,175,248,252,0,0,0,0,0,0,0,0,0,0,0,0,1
GUI_12_8,3,312,312,201,203,214,218,150,154,238,238,192,276,182,186,192,192,154,154,253,261,179,183,175,175,249,254,0,0,0,0,0,0,0,0,0,0,0,1,1
GUI_12_9_Hos,3,252,344,203,201,214,218,150,150,236,238,192,243,182,218,218,218,154,154,251,253,167,167,175,175,250,250,0,0,0,0,0,0,0,0,0,0,0,0,0
GUI_12_10_Hos,3,324,328,203,203,212,218,134,134,236,236,285,306,190,190,192,192,154,154,251,251,163,167,175,175,250,250,0,0,0,0,0,0,0,0,0,0,0,0,0
GUI_12_11_Hos,3,260,276,205,207,214,218,150,154,236,236,240,276,198,198,192,192,154,154,251,253,159,167,175,175,250,250,0,0,0,0,0,0,0,0,0,0,0,0,0
GUI_12_12_Hos,3,252,304,193,203,200,210,150,154,238,238,192,246,170,186,192,192,154,154,251,255,167,167,175,175,248,254,0,0,0,0,0,0,0,0,0,0,0,0,0
GUI_12_13_Hos,3,228,252,197,207,214,214,134,150,238,238,198,252,182,186,192,192,154,154,253,253,159,167,175,175,248,250,0,0,0,0,0,0,0,0,0,0,0,0,0
GUI_12_14_Hos,3,252,304,203,203,214,200,134,150,234,238,273,273,182,226,192,208,150,154,251,253,171,175,175,175,250,254,0,0,0,0,0,0,0,0,0,1,0,0,1
GUI_12_15_Hos,3,228,228,203,203,214,218,150,162,244,244,195,240,190,190,192,196,150,154,251,251,167,167,175,175,250,252,0,0,0,0,0,0,0,0,0,0,0,0,1
GUI_12_16_Hos,3,288,317,196,201,222,222,150,154,236,238,192,192,182,190,192,192,154,154,251,251,167,167,175,175,250,250,1,1,0,0,0,0,0,0,0,0,0,0,0
GUI_12_17_Hos,3,224,304,203,205,212,224,150,154,234,238,282,297,170,182,190,190,152,154,251,251,163,175,175,175,260,260,0,0,0,0,0,0,0,0,0,0,0,0,0
GUI_12_18_Hos,3,288,304,197,205,216,200,150,150,238,238,222,258,174,198,192,192,154,154,251,255,159,167,175,175,248,254,0,1,0,0,0,0,0,0,0,0,0,0,0
GUI_12_19_Hos,3,264,296,197,203,228,232,154,154,238,238,195,297,206,222,190,190,154,154,253,253,167,171,175,175,248,248,0,0,0,0,0,0,0,0,0,0,0,0,0
GUI_12_20_Hos,3,304,336,207,205,220,200,148,150,238,248,279,297,186,190,192,196,154,154,253,253,167,183,175,175,250,250,0,0,0,0,0,0,0,0,0,0,0,0,0
GUI_12_21_Hos,3,228,252,193,193,200,200,150,150,254,254,192,192,186,194,196,198,154,154,251,253,159,175,175,175,247,252,0,0,0,0,0,0,0,0,0,0,0,0,1
GUI_12_22_Hos,3,304,304,205,205,224,224,150,150,236,236,192,192,198,198,192,192,162,154,252,252,163,163,175,175,248,257,0,0,0,0,0,0,0,0,0,1,0,1,1
GUI_12_23_Hos,3,308,308,199,203,214,232,148,150,238,238,192,270,182,182,208,208,153,154,253,254,167,175,175,175,254,254,0,0,0,0,0,0,0,0,1,1,0,0,1
GUI_12_24_Hos,3,240,240,203,211,220,230,150,150,236,248,246,276,194,194,192,192,152,154,253,253,171,179,175,175,248,248,0,0,0,0,0,0,0,0,0,0,0,0,0
GUI_12_25_Hos,3,252,252,193,193,206,214,154,164,234,238,195,285,190,198,194,208,154,154,251,251,167,171,175,175,250,255,0,0,0,0,0,0,0,0,0,0,0,0,1
GUI_12_26_Hos,3,252,260,205,205,200,214,150,154,234,238,264,270,182,190,192,192,150,154,251,255,167,179,175,175,245,250,0,0,0,0,0,0,0,0,0,0,0,0,1
GUI_12_27_Hos,3,248,248,193,193,200,206,150,154,236,236,192,219,182,186,192,200,150,150,251,255,159,171,175,175,248,248,0,0,0,0,0,0,0,0,0,0,0,0,0
GUI_12_28_Hos,3,228,228,205,211,214,214,128,144,244,244,252,270,194,162,180,180,154,154,251,251,167,179,175,175,252,252,0,0,0,0,0,0,0,0,0,0,0,0,0
GUI_12_29_Hos,3,316,316,197,203,200,212,150,150,238,264,234,261,186,198,192,204,154,154,251,253,167,179,175,175,250,250,0,0,0,0,0,0,0,0,0,0,0,0,0
GUI_12_30_Hos,3,256,284,211,215,214,214,150,154,236,238,192,192,170,178,192,192,150,150,253,253,167,175,175,175,246,246,0,0,0,0,0,0,0,0,0,0,0,0,0
GUI_12_31_Hos,3,320,320,211,215,214,214,150,150,236,238,237,237,190,218,184,184,154,158,251,253,167,167,175,175,252,252,0,0,0,0,0,0,0,0,0,0,0,0,0
GUI_12_33_Hos,3,240,300,201,205,212,214,148,150,236,238,282,285,190,194,192,196,150,154,251,255,167,171,175,175,260,260,0,0,0,0,0,0,0,0,0,0,0,0,0
GUI_12_34_Hos,3,240,316,193,213,212,226,154,154,238,238,264,276,182,190,196,196,150,154,251,255,171,179,175,175,249,252,0,0,0,0,0,0,0,0,0,0,0,0,1
GUI_12_35_Hos,3,272,312,193,209,214,214,134,150,236,238,192,267,198,198,196,196,150,150,251,251,167,175,175,175,250,250,0,0,0,0,0,0,0,0,0,0,0,0,0
GUI_12_36_Hos,3,256,256,207,213,200,200,150,150,234,238,243,282,178,170,192,196,152,152,253,253,167,167,175,175,247,253,0,0,0,0,0,0,0,0,0,0,0,1,1
GUI_12_37_Hos,3,252,252,197,213,224,200,150,150,236,236,192,288,186,186,196,196,154,154,253,253,159,159,175,175,250,250,0,0,0,0,0,0,0,0,0,1,0,0,0
GUI_12_38_Hos,3,292,288,193,193,202,236,142,150,234,236,192,255,182,186,192,196,154,154,251,253,159,167,175,175,256,256,0,0,0,0,0,0,0,0,0,0,0,0,0
GUI_12_39_Hos,3,304,304,203,211,212,200,148,150,238,242,192,246,190,198,180,192,154,154,251,251,159,163,175,175,248,254,0,0,0,0,0,0,0,0,0,0,0,0,0
GUI_12_40_Hos,3,312,336,207,213,206,228,150,154,238,238,192,192,186,186,192,196,150,154,251,251,159,159,175,175,256,256,0,0,0,0,0,0,0,0,0,0,0,0,0
GUI_12_41_Hos,3,252,252,205,207,218,198,150,154,258,258,192,192,182,202,192,194,154,154,253,253,155,175,175,175,248,250,0,0,0,0,0,0,0,0,0,0,0,0,0
GUI_12_42_Hos,3,312,312,193,193,212,214,150,150,238,238,192,204,178,198,194,196,154,154,251,253,175,183,175,175,252,252,0,0,0,0,0,0,0,0,0,0,0,0,0
GUI_12_43_Hos,3,300,300,203,205,202,226,150,150,234,236,192,192,170,190,192,194,154,154,251,259,167,167,175,175,248,248,0,0,0,0,0,0,0,0,0,0,0,0,0
GUI_12_44_Hos,3,280,308,193,203,202,216,148,154,234,238,243,243,186,190,198,198,150,150,251,253,163,175,175,175,250,252,0,0,0,0,0,0,0,0,0,0,0,0,1
GUI_12_45_Hos,3,252,316,203,203,214,216,134,148,238,248,294,294,178,190,190,192,154,154,251,255,167,167,175,175,250,260,0,0,0,0,0,0,0,0,0,0,0,0,0
GUI_12_46_Hos,3,252,316,197,203,200,214,150,150,236,238,195,258,178,182,196,196,154,154,251,253,167,171,175,175,250,250,0,0,0,0,0,0,0,0,0,0,0,0,0
GUI_12_47_Hos,3,336,336,193,211,200,212,150,150,236,238,279,309,190,194,192,194,150,150,251,253,167,167,175,175,252,256,0,0,0,0,0,0,0,0,0,0,0,0,0
GUI_12_48_Hos,3,340,340,205,213,212,214,150,150,238,238,192,243,178,182,192,192,150,154,251,251,155,163,175,175,250,250,0,0,0,0,0,0,0,0,0,0,0,0,0
GUI_12_49_Hos,3,288,288,209,193,200,212,150,154,236,238,192,249,182,190,196,198,154,154,251,253,167,167,175,175,248,252,0,0,0,0,0,0,0,0,0,0,0,0,0
GUI_12_50_Hos,3,244,316,197,207,200,212,134,150,234,238,243,246,170,170,196,196,154,154,253,255,167,167,175,175,250,254,0,0,0,0,0,0,0,0,0,0,0,0,0
GUI_12_51_Hos,3,228,248,201,213,214,220,150,150,238,248,240,285,182,182,192,192,154,154,251,253,167,167,175,175,250,258,0,0,0,0,0,0,0,0,0,0,0,0,0
GUI_12_52_Hos,3,316,316,193,193,194,200,150,154,236,238,192,273,178,182,192,192,154,154,251,253,155,167,175,175,248,252,0,0,0,0,0,0,0,0,0,0,0,0,0
GUI_12_53_Hos,3,312,312,199,211,210,216,150,152,234,238,201,291,178,186,194,194,154,154,253,253,167,167,175,175,252,255,0,0,0,0,0,0,0,0,0,0,0,0,1
MAS_12_1_Hos,4,276,316,199,217,214,224,150,162,236,238,240,318,190,190,198,198,150,154,251,253,167,175,175,175,250,254,0,0,0,0,0,0,0,0,0,0,0,0,0
MAS_12_2_Hos,4,264,264,193,205,204,220,142,154,238,238,192,240,182,186,190,190,154,188,249,251,167,167,175,175,248,252,0,0,0,0,0,0,0,0,0,0,0,0,1
MAS_12_3_Hos,4,248,316,201,221,212,228,160,162,236,236,192,192,194,194,212,212,154,154,251,253,159,163,175,175,248,254,0,0,0,0,0,0,0,0,0,0,0,0,1
MAS_12_4_Hos,4,284,300,193,199,214,218,150,150,238,238,291,291,186,190,192,192,154,156,251,253,167,183,175,175,248,250,0,0,0,0,0,0,0,0,0,0,0,0,0
MAS_12_5_Hos,4,312,312,193,205,202,228,150,162,236,236,192,192,186,190,190,192,150,154,251,253,159,175,175,175,248,248,0,0,0,0,0,0,0,0,0,0,0,0,0
MAS_12_6_Hos,4,268,300,209,209,214,224,162,164,238,238,192,246,178,190,194,194,150,154,251,251,167,195,175,175,254,254,0,0,0,0,0,0,0,0,0,0,0,0,0
MAS_12_7_Hos,4,252,252,201,201,214,226,150,150,236,236,192,192,190,194,178,196,154,156,251,253,163,163,175,175,248,254,0,0,0,0,0,0,0,0,0,0,0,0,1
MAS_12_8_Hos,4,304,304,193,207,216,228,150,152,238,238,249,249,182,186,196,196,154,154,251,253,167,167,175,175,250,252,0,0,0,0,0,0,0,0,0,0,0,0,0
MAS_12_9_Hos,4,236,284,193,201,214,226,134,154,238,248,192,300,178,182,190,192,152,154,251,251,155,163,175,175,254,262,0,0,0,0,0,0,0,0,0,0,0,0,0
MAS_12_10_Hos,4,288,304,201,206,214,214,150,162,236,236,303,303,182,186,190,190,150,154,251,253,167,195,175,175,246,252,0,1,0,0,0,0,0,0,0,0,0,0,0
MAS_12_11_Hos,4,228,316,211,211,224,224,150,160,238,242,192,192,182,194,192,192,154,156,251,253,163,167,175,175,262,262,0,0,0,0,0,0,0,0,0,0,0,0,0
MAS_12_12_Hos,4,300,300,207,211,220,226,150,162,234,238,192,192,186,186,190,194,150,154,252,252,159,187,175,175,250,252,0,0,0,0,0,0,0,0,0,1,0,0,0
MAS_12_13_Hos,4,236,252,193,211,200,216,150,154,238,260,192,276,182,182,192,194,152,152,251,251,171,179,175,175,254,262,0,0,0,0,0,0,0,0,0,0,0,0,0
MAS_12_14_Hos,4,260,316,193,193,200,200,150,150,234,236,192,237,186,210,194,194,154,154,253,253,167,167,175,175,250,250,0,0,0,0,0,0,0,0,0,0,0,0,0
MAS_12_15_Hos,4,284,308,193,197,214,226,134,154,238,260,192,276,182,186,192,192,150,156,253,253,155,171,175,175,260,262,0,0,0,0,0,0,0,0,0,0,0,0,0
MAS_12_16_Hos,4,264,324,193,203,215,217,154,162,236,236,192,192,170,186,190,200,154,154,253,255,167,167,175,175,250,256,0,0,1,0,0,0,0,0,0,0,0,0,1
MAS_12_17_Hos,4,258,284,193,211,216,216,150,152,236,238,192,261,182,186,192,192,154,154,253,253,167,171,175,175,254,254,1,0,0,0,0,0,0,0,0,0,0,0,0
MAS_12_18_Hos,4,260,296,201,211,214,216,150,162,242,246,231,231,170,186,192,192,154,156,251,251,163,195,175,175,242,250,0,0,0,0,0,0,0,0,0,0,0,0,0
MAS_12_19_Hos,4,257,277,193,209,212,212,150,150,236,240,192,192,182,198,190,194,150,156,251,253,159,167,175,175,252,252,1,0,0,0,0,0,0,0,0,0,0,0,0
MAS_12_20_Hos,4,240,296,207,211,214,214,150,154,236,238,282,282,194,194,184,184,150,150,251,253,159,167,175,175,248,248,0,0,0,0,0,0,0,0,0,0,0,0,0
MAS_12_21_Hos,4,312,312,203,211,216,236,154,162,238,238,192,192,186,194,192,192,150,154,252,253,167,167,175,175,250,270,0,0,0,0,0,0,0,0,0,1,0,0,0
MAS_12_22_Hos,4,236,304,195,219,218,220,142,150,238,238,192,192,178,190,190,190,154,154,251,253,167,195,175,175,250,250,0,0,0,0,0,0,0,0,0,0,0,0,0
MAS_12_23_Hos,4,236,252,193,211,216,226,150,154,238,248,300,192,178,182,190,192,152,154,251,253,163,171,175,175,260,262,0,0,0,0,0,0,0,0,0,0,0,0,0
A_ELN_12_1_Hos,5,272,272,187,203,200,218,150,150,238,240,204,312,178,190,212,212,150,150,251,251,167,187,175,175,242,250,0,0,0,0,0,0,0,0,0,0,0,0,0
A_ELN_12_2_Hos,5,240,300,191,191,200,214,150,150,236,238,273,273,182,190,182,190,150,154,251,253,159,163,175,175,254,256,0,0,0,0,0,0,0,0,0,0,0,0,0
A_ELN_12_3_Hos,5,240,292,195,195,208,214,150,150,239,238,189,246,174,186,194,197,150,154,253,253,159,163,175,175,254,258,0,0,0,0,1,0,0,1,0,0,0,0,1
A_ELN_12_4_Hos,5,256,264,199,207,212,214,150,150,238,246,291,291,186,190,186,190,150,154,253,255,167,167,175,175,248,250,0,1,0,0,1,0,0,0,0,0,0,0,0
A_ELN_12_5_Hos,5,240,320,197,203,216,228,150,164,236,238,215,261,190,190,192,192,150,150,253,255,159,171,175,175,252,252,0,0,0,0,0,1,0,0,0,0,0,0,0
A_ELN_12_6_Hos,5,272,308,193,203,194,214,151,154,238,240,192,192,186,186,192,192,150,150,249,253,167,167,175,175,252,252,0,0,0,1,0,0,0,0,0,0,0,0,0
A_ELN_12_7_Hos,5,260,324,199,215,210,228,150,152,238,238,288,288,182,190,198,198,150,154,251,251,159,179,175,175,254,262,0,0,0,0,0,0,0,0,0,0,0,0,0
A_ELN_12_8_Hos,5,272,288,197,207,200,214,150,152,238,242,223,251,178,190,192,192,150,154,251,253,167,203,175,175,248,250,0,1,0,0,0,1,0,0,0,0,0,0,0
A_ELN_12_9_Hos,5,332,332,193,205,240,240,150,164,240,262,189,189,182,186,188,188,150,154,251,253,159,183,175,175,250,252,0,0,0,0,0,0,0,0,0,0,0,0,0
A_ELN_12_10_Hos,5,260,276,197,219,210,230,150,160,238,238,228,259,178,182,200,200,150,150,251,251,167,167,175,175,248,250,0,0,0,0,0,1,0,0,0,0,0,0,0
A_ELN_12_11_Hos,5,288,292,197,205,208,230,150,164,237,239,273,276,182,191,192,196,150,154,249,251,167,223,175,175,254,258,0,0,0,0,1,0,1,1,0,0,0,0,0
A_ELN_12_12_Hos,5,244,244,207,207,208,218,150,154,238,246,189,408,190,190,194,195,152,154,251,253,159,183,175,175,250,254,0,0,1,0,0,0,0,1,0,0,0,0,0
A_ELN_12_13_Hos,5,244,244,207,207,200,212,150,162,237,239,189,249,194,194,192,192,152,154,253,253,179,179,175,175,250,250,0,0,0,0,1,0,0,0,0,0,0,0,0
A_ELN_12_14_Hos,5,268,276,209,209,200,212,150,154,238,240,189,249,177,195,193,197,152,154,253,253,179,179,175,175,250,250,0,0,0,1,0,0,1,1,0,0,0,0,0
A_ELN_12_15_Hos,5,300,304,196,206,230,232,162,162,238,238,189,273,176,190,190,192,154,154,249,255,159,163,175,175,250,254,0,1,0,0,0,0,1,0,0,0,0,0,0
A_ELN_12_17_Hos,5,300,304,199,201,220,226,150,150,240,240,255,258,182,186,208,208,150,154,253,255,167,167,175,175,248,250,0,0,0,0,0,0,0,0,0,0,0,0,0
A_ELN_12_19_Hos,5,352,352,211,215,208,214,150,166,238,238,285,291,186,186,184,188,150,150,249,253,167,167,175,175,252,252,0,0,0,0,0,0,0,0,0,0,0,0,0
A_ELN_12_20_Hos,5,264,272,193,217,216,232,150,160,238,238,249,255,186,194,214,214,150,154,251,251,159,179,175,175,254,262,0,0,0,0,0,0,0,0,0,0,0,0,0
A_ELN_12_21_Hos,5,280,284,197,203,202,208,150,152,237,242,189,189,186,206,192,192,150,154,251,253,167,203,175,175,248,250,0,1,0,0,1,0,0,0,0,0,0,0,0
A_ELN_12_22_Hos,5,274,282,197,200,212,214,150,150,240,250,192,192,178,198,192,192,150,154,251,253,159,183,175,175,250,252,1,1,0,0,0,0,0,0,0,0,0,0,0
A_ELN_12_23_Hos,5,300,304,199,208,216,222,150,152,236,238,189,189,178,186,190,192,150,150,251,251,167,167,175,175,248,250,0,1,0,0,0,0,0,0,0,0,0,0,0
A_ELN_12_24_Hos,5,240,240,199,199,200,220,150,152,238,238,192,261,178,186,190,190,150,154,249,251,167,223,175,175,254,258,0,0,0,0,0,0,0,0,0,0,0,0,0
A_ELN_12_25_Hos,5,288,292,201,213,200,210,150,152,238,238,189,243,182,210,192,192,152,154,251,253,159,183,175,175,250,254,0,0,0,0,0,0,0,0,0,0,0,0,0
A_ELN_12_26_Hos,5,264,264,203,203,210,222,150,150,238,238,192,339,182,190,192,192,152,154,253,253,179,179,175,175,250,250,0,0,0,0,0,0,0,0,0,0,0,0,0
A_ELN_12_27_Hos,5,284,284,197,203,202,208,154,154,238,240,273,309,186,190,192,192,152,154,253,253,179,179,175,175,250,250,0,0,0,0,0,0,0,0,0,0,0,0,0
ROM_12_1_Hos,6,284,316,197,209,220,220,148,152,238,238,192,195,170,178,192,192,154,162,251,253,163,171,175,175,252,252,0,0,0,0,0,0,0,0,0,0,0,0,0
ROM_12_2_Hos,6,248,308,197,211,214,222,146,148,228,236,192,192,194,214,190,192,158,158,253,253,160,168,175,175,245,252,0,0,0,0,0,0,0,0,0,0,1,1,1
ROM_12_3_Hos,6,260,260,193,197,214,214,148,148,238,256,192,192,182,194,190,190,154,154,251,253,163,167,175,175,250,250,0,0,0,0,0,0,0,0,0,0,0,0,0
ROM_12_4_Hos,6,248,320,201,209,202,208,148,152,234,242,243,243,178,186,192,192,150,150,251,253,163,167,175,175,248,254,0,0,0,0,0,0,0,0,0,0,0,0,0
ROM_12_5_Hos,6,236,320,209,211,220,220,146,148,236,236,192,240,182,186,184,184,154,158,253,255,167,171,175,175,248,250,0,0,0,0,0,0,0,0,0,0,0,0,0
ROM_12_6_Hos,6,308,308,193,203,200,220,148,148,234,238,192,192,170,194,194,204,154,154,251,253,167,171,175,175,249,252,0,0,0,0,0,0,0,0,0,0,0,1,1
ROM_12_7_Hos,6,256,256,197,209,214,214,150,150,240,240,192,249,178,182,184,192,154,154,251,265,167,171,175,175,248,254,0,0,0,0,0,0,0,0,0,0,0,0,1
ROM_12_8_Hos,6,268,300,193,201,214,224,150,150,236,242,192,192,178,186,196,196,154,154,253,253,163,163,175,175,258,260,0,0,0,0,0,0,0,0,0,0,0,0,0
ROM_12_9_Hos,6,292,356,197,201,214,220,150,154,238,238,219,264,182,198,188,198,154,154,251,253,167,263,175,175,246,249,0,0,0,0,0,0,0,0,0,0,0,0,1
ROM_12_11_Hos,6,304,332,211,213,220,224,150,154,236,238,192,408,182,182,196,196,154,154,251,251,159,183,175,175,248,249,0,0,0,0,0,0,0,0,0,0,0,0,1
ROM_12_12_Hos,6,288,296,197,206,220,224,144,148,240,244,192,372,178,194,196,198,150,154,251,255,167,207,175,175,248,252,0,1,0,0,0,0,0,0,0,0,0,0,1
ROM_12_13_Hos,6,264,264,203,203,206,206,134,150,236,244,192,396,202,202,192,192,154,154,251,251,171,175,175,175,247,252,0,0,0,0,0,0,0,0,0,0,0,0,1
ROM_12_14_Hos,6,288,304,211,211,200,208,150,150,238,258,192,192,186,186,191,194,154,154,251,253,175,199,175,175,250,252,0,0,0,0,0,0,0,1,0,1,0,0,1
ROM_12_15_Hos,6,236,248,201,207,208,224,150,150,238,240,192,192,174,182,200,200,150,156,253,253,163,207,175,175,250,252,0,0,0,0,0,0,0,0,0,0,0,0,0
ROM_12_16_Hos,6,248,316,193,203,216,224,150,152,240,260,192,192,178,194,190,192,154,154,251,253,155,159,175,175,242,248,0,0,0,0,0,0,0,0,0,0,0,0,0
ROM_12_17_Hos,6,328,328,201,207,200,216,150,152,250,260,192,408,206,206,192,196,150,154,247,253,167,183,175,175,242,242,0,0,0,0,0,0,0,0,0,0,0,0,0
ROM_12_18_Hos,6,308,308,193,211,202,202,152,154,240,242,255,255,182,202,190,190,156,156,251,255,163,167,175,175,254,254,0,0,0,0,0,0,0,0,0,0,0,0,0
ROM_12_19_Hos,6,292,316,193,201,214,214,150,150,240,240,192,246,186,198,192,192,154,154,251,253,167,167,175,175,250,252,0,0,0,0,0,0,0,0,0,0,0,0,0
ROM_12_21_Hos,6,280,304,193,211,200,216,150,150,238,238,249,249,186,186,190,192,154,154,251,253,159,171,175,175,250,254,0,0,0,0,0,0,0,0,0,0,0,0,0
ROM_12_22_Hos,6,332,336,201,211,214,214,134,150,240,240,285,309,170,178,192,194,154,156,251,253,167,167,175,175,252,258,0,0,0,0,0,0,0,0,0,0,0,0,0
ROM_12_23_Hos,6,296,308,195,197,224,230,150,154,234,236,219,300,186,190,190,192,154,156,251,253,167,171,175,175,250,252,0,0,0,0,0,0,0,0,0,0,0,0,0
ROM_12_24_Hos,6,236,300,193,199,216,224,150,154,238,240,180,180,178,182,186,194,150,154,251,253,163,167,175,175,250,252,0,0,0,0,0,0,0,0,0,0,0,0,0
ROM_12_25_Hos,6,236,308,201,211,212,226,150,150,234,238,192,192,186,186,192,192,154,154,251,253,167,203,175,175,250,250,0,0,0,0,0,0,0,0,0,0,0,0,0
ROM_12_27_Hos,6,312,312,211,217,212,230,148,148,240,242,192,258,174,182,190,196,150,154,253,253,171,171,175,175,252,254,0,0,0,0,0,0,0,0,0,0,0,0,1
ROM_12_28_Hos,6,324,324,197,197,216,240,154,154,260,260,192,234,178,218,194,194,150,150,251,253,171,187,175,175,248,256,0,0,0,0,0,0,0,0,0,0,0,0,0
ROM_12_29_Hos,6,248,252,193,215,220,232,150,154,240,244,192,231,194,198,192,192,154,154,253,255,167,211,175,175,252,254,0,0,0,0,0,0,0,0,0,0,0,0,0
ROM_12_31_Hos,6,268,300,197,209,200,216,150,154,238,238,192,231,182,186,192,192,154,154,251,253,163,167,175,175,249,252,0,0,0,0,0,0,0,0,0,0,0,0,1
ROM_12_32_Hos,6,276,320,193,203,214,214,150,150,238,256,192,408,182,186,194,194,154,154,251,255,171,195,175,175,250,250,0,0,0,0,0,0,0,0,0,0,0,0,0
ROM_12_33_Hos,6,260,260,197,211,216,222,154,154,238,238,192,267,178,206,192,192,150,154,251,251,159,175,175,175,250,258,0,0,0,0,0,0,0,0,0,0,0,0,0
ROM_12_34_Hos,6,296,296,197,211,208,222,150,150,236,264,198,279,182,190,190,214,154,154,251,253,179,191,175,175,250,254,0,0,0,0,0,0,0,0,0,0,0,0,1
ROM_12_35_Hos,6,281,296,205,205,206,208,150,154,238,238,192,192,179,188,202,202,154,154,251,253,167,167,175,175,248,256,1,0,0,0,0,0,1,0,0,0,0,0,1
ROM_12_40_Hos,6,312,320,193,205,194,214,154,154,238,240,273,273,186,198,192,192,154,154,251,253,167,187,175,175,252,252,0,0,0,0,0,0,0,0,0,0,0,0,0
ROM_12_41_Hos,6,256,304,193,197,218,226,150,150,236,240,192,192,182,186,186,186,154,154,253,253,167,195,175,175,246,250,0,0,0,0,0,0,0,0,0,0,0,0,0
ILO_CON_12_1_Hos,7,252,292,197,211,216,228,148,150,236,240,243,279,170,182,186,188,150,150,253,255,167,195,175,175,248,248,0,0,0,0,0,0,0,0,0,0,0,0,0
ILO_CON_12_2_Hos,7,268,312,205,211,210,218,150,150,236,238,192,273,190,194,192,192,154,154,251,253,167,171,175,175,252,252,0,0,0,0,0,0,0,0,0,0,0,0,0
ILO_CON_12_3_Hos,7,264,312,209,211,212,220,150,152,238,238,234,234,170,186,192,192,154,154,251,255,167,179,175,175,246,248,0,0,0,0,0,0,0,0,0,0,0,0,0
ILO_CON_12_4_Hos,7,312,320,197,203,214,228,148,150,238,238,192,192,170,202,190,190,150,154,251,253,163,167,175,175,249,253,0,0,0,0,0,0,0,0,0,0,0,0,1
ILO_CON_12_5_Hos,7,248,324,211,211,216,222,150,152,234,236,264,264,182,202,194,196,150,154,249,253,163,163,175,175,250,250,0,0,0,0,0,0,0,0,0,0,0,0,0
ILO_CON_12_6_Hos,7,256,256,193,209,214,222,150,154,238,238,192,192,182,190,184,196,156,156,249,253,163,167,175,175,252,260,0,0,0,0,0,0,0,0,0,0,0,0,0
ILO_CON_12_7_Hos,7,300,300,197,197,214,230,148,150,238,246,243,243,186,190,190,190,150,154,251,261,163,171,175,175,248,262,0,0,0,0,0,0,0,0,0,0,0,0,0
ILO_CON_12_8_Hos,7,248,248,193,207,214,214,150,160,238,238,219,315,182,190,190,192,150,150,253,253,167,167,175,175,242,252,0,0,0,0,0,0,0,0,0,0,0,0,0
ILO_CON_12_9_Hos,7,284,284,201,205,212,214,150,160,238,262,192,192,174,178,184,208,150,150,251,251,155,159,175,175,254,254,0,0,0,0,0,0,0,0,0,0,0,0,0
ILO_CON_12_10_Hos,7,296,300,209,209,202,224,148,148,236,238,240,243,186,186,194,202,156,156,251,253,159,167,175,175,246,250,0,0,0,0,0,0,0,0,0,0,0,0,0
ILO_CON_12_11_Hos,7,252,264,203,211,226,230,148,152,238,238,192,282,166,198,202,210,150,154,251,253,163,163,175,175,250,250,0,0,0,0,0,0,0,0,0,0,0,0,0
ILO_CON_12_12_Hos,7,296,296,193,209,200,200,150,150,236,238,192,192,170,174,198,202,152,154,253,257,163,167,175,175,250,250,0,0,0,0,0,0,0,0,0,0,0,0,0
ILO_CON_12_13_Hos,7,292,304,205,215,210,242,134,154,236,236,192,192,178,190,184,192,154,188,251,253,167,171,175,175,252,252,0,0,0,0,0,0,0,0,0,0,0,0,0
ILO_CON_12_14_Hos,7,292,312,197,213,200,202,150,150,234,236,192,255,182,202,188,192,152,154,251,253,159,163,175,175,250,250,0,0,0,0,0,0,0,0,0,0,0,0,0
ILO_CON_12_15_Hos,7,288,344,193,211,218,224,150,150,234,238,192,246,182,194,194,196,150,158,253,255,167,187,175,175,246,246,0,0,0,0,0,0,0,0,0,0,0,0,0
ILO_CON_12_16_Hos,7,284,296,201,205,200,226,148,150,236,256,192,252,194,202,190,190,154,154,251,253,167,167,175,175,256,258,0,0,0,0,0,0,0,0,0,0,0,0,0
ILO_CON_12_17_Hos,7,296,304,197,205,216,230,150,150,238,238,192,303,194,202,196,198,154,156,251,259,167,195,175,175,250,250,0,0,0,0,0,0,0,0,0,1,0,0,0
ILO_CON_12_18_Hos,7,288,340,193,193,230,230,150,150,238,244,192,192,174,194,192,196,150,154,251,252,167,167,175,175,252,254,0,0,0,0,0,0,0,0,0,1,0,0,0
ILO_CON_12_19_Hos,7,284,284,219,219,218,230,150,150,236,246,192,195,178,178,192,196,150,154,252,253,167,167,175,175,252,252,0,0,0,0,0,0,0,0,0,1,0,0,0
ILO_CON_12_20_Hos,7,300,304,211,211,210,222,148,150,238,238,192,192,174,178,194,196,154,156,253,252,167,207,175,175,252,252,0,0,0,0,0,0,0,0,0,1,0,0,0
ILO_CON_12_21_Hos,7,259,274,200,210,212,212,150,152,234,236,192,261,182,198,192,194,154,154,251,253,167,187,175,175,252,262,1,1,0,0,0,0,0,0,0,0,0,0,0
ILO_CON_12_22_Hos,7,271,278,197,209,213,220,150,154,236,236,297,300,178,182,196,196,154,154,251,251,167,171,175,175,242,256,1,1,1,0,0,0,0,0,0,0,0,0,0
ILO_CON_12_23_Hos,7,287,292,195,203,218,230,148,154,238,240,192,276,174,194,192,192,154,154,251,251,159,167,175,175,256,256,1,1,0,0,0,0,0,0,0,0,0,0,0
ILO_CON_12_24_Hos,7,292,316,199,212,214,242,150,154,236,260,288,288,178,202,192,192,154,154,251,261,167,175,175,175,250,250,0,1,0,0,0,0,0,0,0,0,0,0,0
ILO_CON_12_25_Hos,7,256,276,197,201,208,218,150,150,238,238,192,192,178,190,190,192,150,154,251,253,167,179,175,175,251,252,0,0,0,0,0,0,0,0,0,0,0,0,1
ILO_CON_12_26_Hos,7,260,292,193,203,224,228,148,150,238,238,192,258,182,186,184,194,154,154,253,259,167,167,175,175,254,254,0,0,0,0,0,0,0,0,0,0,0,0,0
ILO_CON_12_27_Hos,7,268,320,193,213,200,224,148,150,234,236,192,264,182,186,190,190,150,150,247,251,167,167,175,175,254,254,0,0,0,0,0,0,0,0,0,0,0,0,0
ILO_CON_12_28_Hos,7,356,356,193,193,218,218,150,150,246,246,243,288,174,178,192,194,150,154,251,253,155,167,175,175,248,250,0,0,0,0,0,0,0,0,0,0,0,0,0
ILO_CON_12_29_Hos,7,292,296,197,203,218,220,150,154,238,264,192,231,186,194,192,192,154,154,249,253,155,175,175,175,252,254,0,0,0,0,0,0,0,0,0,0,0,0,1
ILO_CON_12_30_Hos,7,252,288,203,211,216,218,150,160,234,238,267,267,178,186,192,194,154,154,253,253,167,167,175,175,248,250,0,0,0,0,0,0,0,0,0,0,0,0,0
ILO_CON_12_31_Hos,7,236,236,199,213,224,224,150,154,236,254,192,192,174,190,192,192,154,154,253,261,163,191,175,175,252,254,0,0,0,0,0,0,0,0,0,0,0,0,0
ILO_CON_12_32_Hos,7,292,304,201,211,212,226,154,160,238,248,192,246,170,194,192,192,152,154,251,253,155,163,175,175,250,250,0,0,0,0,0,0,0,0,0,0,0,0,0
ILO_CON_12_33_Hos,7,284,312,201,213,214,214,150,154,236,248,192,264,182,206,190,194,150,150,251,253,167,179,175,175,250,250,0,0,0,0,0,0,0,0,0,0,0,0,0
ILO_CON_12_34_Hos,7,248,256,197,199,216,224,148,154,238,238,219,276,174,198,188,196,154,154,251,253,167,167,175,175,247,251,0,0,0,0,0,0,0,0,0,0,0,0,1
ILO_CON_12_35_Hos,7,248,312,193,211,212,222,134,150,238,248,288,291,178,202,192,192,150,154,251,253,159,159,175,175,258,258,0,0,0,0,0,0,0,0,0,0,0,0,0
ILO_CON_12_36_Hos,7,296,320,193,193,214,222,148,154,238,238,192,192,170,190,192,192,150,152,251,251,167,167,175,175,250,250,0,0,0,0,0,0,0,0,0,0,0,0,0
ILO_CON_12_37_Hos,7,252,348,201,213,212,214,150,150,238,240,261,261,186,198,192,192,154,156,251,253,163,167,175,175,252,252,0,0,0,0,0,0,0,0,0,0,0,0,0
ILO_CON_12_38_Hos,7,324,344,205,209,210,216,150,154,236,256,192,192,178,182,190,190,150,150,251,251,167,187,175,175,250,252,0,0,0,0,0,0,0,0,0,0,0,0,0
ILO_CON_12_40_Hos,7,304,304,205,207,216,216,150,150,238,238,192,192,170,182,190,190,154,154,253,253,167,171,175,175,248,260,0,0,0,0,0,0,0,0,0,0,0,0,0
ILO_CON_12_41_Hos,7,240,260,193,207,224,234,150,154,236,250,234,267,182,186,192,192,150,154,251,253,167,175,175,175,248,251,0,0,0,0,0,0,0,0,0,0,0,0,1
ILO_TIG_12_42_Hos,8,296,320,201,205,194,200,144,150,234,256,192,192,182,202,184,188,150,154,251,251,167,179,175,175,248,248,0,0,0,0,0,0,0,0,0,0,0,0,0
ILO_TIG_12_43_Hos,8,256,256,199,199,200,214,148,150,238,238,192,228,178,178,192,212,154,154,251,253,151,159,175,175,250,250,0,0,0,0,0,0,0,0,0,0,0,0,0
ILO_TIG_12_44_Hos,8,248,296,193,209,200,202,150,154,238,254,192,192,182,194,192,192,150,154,253,265,167,187,175,175,248,250,0,0,0,0,0,0,0,0,0,0,0,0,0
ILO_TIG_12_45_Hos,8,228,252,199,201,216,220,150,150,238,238,192,246,178,194,186,196,150,154,251,253,155,167,175,175,246,250,0,0,0,0,0,0,0,0,0,0,0,0,0
ILO_TIG_12_46_Hos,8,256,288,193,197,216,220,150,154,238,238,192,192,186,186,184,192,154,154,251,253,167,187,175,175,250,254,0,0,0,0,0,0,0,0,0,0,0,0,0
ILO_TIG_12_47_Hos,8,248,264,193,197,218,220,150,152,242,246,192,246,182,198,190,202,152,154,251,253,155,167,175,175,250,254,0,0,0,0,0,0,0,0,0,0,0,0,1
ILO_TIG_12_48_Hos,8,244,324,205,207,200,222,150,166,238,244,192,192,194,202,192,192,150,156,251,251,167,183,175,175,250,250,0,0,0,0,0,0,0,0,0,0,0,0,0
ILO_TIG_12_49_Hos,8,308,328,193,193,200,224,148,162,236,238,192,192,178,194,202,202,150,154,251,253,163,167,175,175,250,250,0,0,0,0,0,0,0,0,0,0,0,0,0
ILO_TIG_12_50_Hos,8,292,312,193,203,214,216,150,150,236,240,243,300,170,182,184,196,154,154,251,253,167,167,175,175,250,250,0,0,0,0,0,0,0,0,0,0,0,0,0
ILO_TIG_12_51_Hos,8,240,308,201,209,214,224,150,154,238,258,240,375,178,198,192,192,154,154,253,253,155,163,175,175,250,252,0,0,0,0,0,0,0,0,0,0,0,0,0
ILO_TIG_12_52_Hos,8,316,320,193,207,214,222,150,150,238,244,192,192,190,194,194,194,154,156,251,253,167,187,175,175,254,256,0,0,0,0,0,0,0,0,0,0,0,0,0
ILO_TIG_12_53_Hos,8,296,300,203,211,210,216,150,150,234,244,192,255,186,206,186,190,154,154,251,253,155,175,175,175,256,258,0,0,0,0,0,0,0,0,0,0,0,0,0
ILO_TIG_12_54_Hos,8,248,272,201,207,208,230,150,154,256,260,192,192,178,186,192,192,154,154,253,253,163,167,175,175,242,250,0,0,0,0,0,0,0,0,0,0,0,0,0
ILO_TIG_12_55_Hos,8,256,264,198,208,202,228,154,154,238,260,288,288,186,190,192,194,150,150,251,253,167,167,175,175,256,260,0,1,0,0,0,0,0,0,0,0,0,0,0
ILO_TIG_12_56_Hos,8,312,316,199,209,200,214,150,154,238,256,192,234,178,186,184,184,154,154,251,253,171,179,175,175,250,252,0,0,0,0,0,0,0,0,0,0,0,0,0
CEB_12_1_Hos,9,300,332,195,209,218,230,150,150,240,236,228,246,178,194,192,192,150,150,253,255,167,171,175,175,250,262,0,0,0,0,0,0,0,0,0,0,0,0,0
CEB_12_2_Hos,9,292,292,193,199,210,214,152,166,240,240,195,195,202,194,194,194,154,156,251,253,163,211,175,175,260,260,0,0,0,0,0,0,0,0,0,0,0,0,0
CEB_12_3_Hos,9,248,296,197,199,214,214,150,164,238,244,192,303,182,182,196,196,150,156,251,251,167,167,175,175,248,248,0,0,0,0,0,0,0,0,0,0,0,0,0
CEB_12_4_Hos,9,284,304,207,211,228,228,154,164,238,238,198,198,178,186,194,194,150,150,251,253,155,159,175,175,250,250,0,0,0,0,0,0,0,0,0,0,0,0,0
CEB_12_5_Hos,9,316,316,193,213,212,220,154,160,236,238,192,288,170,182,210,210,150,150,253,255,151,155,175,175,253,254,0,0,0,0,0,0,0,0,0,0,0,0,1
CEB_12_6_Hos,9,352,352,199,203,214,232,150,150,238,238,192,192,194,202,190,192,154,154,251,253,167,171,175,175,252,250,0,0,0,0,0,0,0,0,0,0,0,0,0
CEB_12_7_Hos,9,272,288,205,211,200,206,150,150,238,238,192,192,178,198,190,190,154,156,251,253,167,167,175,175,248,248,0,0,0,0,0,0,0,0,0,0,0,0,0
CEB_12_8_Hos,9,256,276,201,223,216,220,154,154,238,238,252,252,170,190,192,192,154,154,251,253,187,207,175,175,242,246,0,0,0,0,0,0,0,0,0,0,0,0,0
CEB_12_9_Hos,9,280,328,197,207,210,212,150,150,238,240,192,231,170,186,190,194,150,154,251,253,163,163,175,175,246,256,0,0,0,0,0,0,0,0,0,0,0,0,0
CEB_12_10_Hos,9,296,312,197,197,206,228,144,150,238,260,192,240,194,194,192,192,150,158,253,249,159,167,175,175,251,252,0,0,0,0,0,0,0,0,0,0,0,0,1
CEB_12_11_Hos,9,252,280,193,197,222,226,150,150,236,238,192,192,178,178,190,194,154,154,253,249,167,167,175,175,248,262,0,0,0,0,0,0,0,0,0,0,0,0,0
CEB_12_12_Hos,9,248,276,193,207,230,230,152,154,238,238,192,195,190,198,196,208,154,154,253,249,167,167,175,175,254,254,0,0,0,0,0,0,0,0,0,0,0,0,0
CEB_12_13_Hos,9,300,300,209,215,218,224,148,154,238,238,303,303,166,186,192,192,150,150,251,255,159,163,175,175,252,252,0,0,0,0,0,0,0,0,0,0,0,0,0
CEB_12_14_Hos,9,296,356,207,211,228,228,150,154,236,238,192,237,182,186,192,192,154,154,251,253,179,187,175,175,250,252,0,0,0,0,0,0,0,0,0,0,0,0,0
CEB_12_15_Hos,9,268,348,201,203,200,204,150,154,238,238,192,192,174,182,186,186,154,154,253,249,167,167,175,175,250,250,0,0,0,0,0,0,0,0,0,0,0,0,0
CEB_12_16_Hos,9,328,344,193,207,192,216,150,162,236,238,261,261,178,178,192,200,150,154,251,253,171,211,175,175,248,250,0,0,0,0,0,0,0,0,0,0,0,0,0
CEB_12_17_Hos,9,236,316,205,209,214,214,152,154,237,242,192,249,170,170,192,192,156,162,247,257,163,163,175,175,246,250,0,0,0,0,1,0,0,0,0,0,0,0,0
CEB_12_18_Hos,9,292,312,197,203,212,214,150,150,238,238,192,192,170,194,194,194,154,154,251,253,167,167,175,175,248,252,0,0,0,0,0,0,0,0,0,0,0,0,1
CEB_12_19_Hos,9,292,296,193,193,214,218,148,150,236,246,192,192,178,194,194,198,150,150,253,249,163,195,175,175,247,251,0,0,0,0,0,0,0,0,0,0,0,0,1
CEB_12_20_Hos,9,308,356,201,209,218,224,150,150,238,262,192,192,178,182,190,194,150,154,247,253,167,167,175,175,250,250,0,0,0,0,0,0,0,0,0,0,0,0,0
CEB_12_21_Hos,9,284,300,199,215,212,212,150,150,238,260,285,285,182,194,190,192,150,150,253,249,155,163,175,175,250,254,0,0,0,0,0,0,0,0,0,0,0,0,0
CEB_12_22_Hos,9,320,332,193,215,206,214,150,154,236,236,192,192,182,182,192,192,150,150,253,253,171,171,175,175,250,250,0,0,0,0,0,0,0,0,0,0,0,0,0
CEB_12_23_Hos,9,296,300,197,201,218,220,150,154,238,238,192,294,174,194,184,192,154,154,253,285,163,179,175,175,248,250,0,0,0,0,0,0,0,0,0,0,0,0,0
CEB_12_24_Hos,9,296,300,199,209,224,228,154,154,236,238,222,222,178,190,192,192,154,162,251,253,155,167,175,175,250,250,0,0,0,0,0,0,0,0,0,0,0,0,0
CEB_12_25_Hos,9,248,300,203,205,214,214,150,154,236,250,243,243,182,186,194,194,154,156,251,251,163,163,175,175,248,248,0,0,0,0,0,0,0,0,0,0,0,0,0
CEB_12_26_Hos,9,264,312,193,193,226,226,150,162,238,258,192,192,170,186,202,202,150,150,251,253,167,167,175,175,249,252,0,0,0,0,0,0,0,0,0,0,0,0,1
CEB_12_27_Hos,9,324,324,203,211,220,228,150,154,248,260,192,192,182,190,186,202,150,154,251,253,167,191,175,175,251,253,0,0,0,0,0,0,0,0,0,0,0,0,1
CEB_12_28_Hos,9,248,264,193,197,220,224,150,150,234,240,192,261,182,186,192,194,150,150,251,253,159,167,175,175,250,250,0,0,0,0,0,0,0,0,0,0,0,0,0
CEB_12_29_Hos,9,320,320,199,201,218,218,150,154,238,238,192,369,170,182,200,200,154,154,251,253,155,167,175,175,250,250,0,0,0,0,0,0,0,0,0,0,0,0,0
CEB_12_30_Hos,9,304,312,201,209,214,224,150,150,238,238,192,192,182,186,192,192,150,154,253,253,163,167,175,175,250,256,0,0,0,0,0,0,0,0,0,0,0,0,0
CEB_12_31_Hos,9,248,300,197,201,212,218,150,154,238,238,192,249,182,186,190,200,154,154,251,251,163,175,175,175,250,260,0,0,0,0,0,0,0,0,0,0,0,0,0
CEB_12_32_Hos,9,300,312,193,199,224,224,150,154,236,240,180,192,182,218,192,200,150,154,253,255,167,187,175,175,250,250,0,0,0,0,0,0,0,0,0,0,0,0,0
BOH_12_1,10,288,288,203,211,212,214,150,154,238,238,195,297,182,198,192,192,150,154,251,251,167,171,175,175,248,248,0,0,0,0,0,0,0,0,0,0,0,0,0
BOH_12_2,10,268,324,193,203,200,228,150,150,234,238,192,240,186,186,190,202,152,154,253,255,167,191,175,175,250,250,0,0,0,0,0,0,0,0,0,0,0,0,0
BOH_12_3,10,284,284,209,211,212,218,150,154,234,260,192,195,178,182,192,196,154,158,251,253,167,167,175,175,250,250,0,0,0,0,0,0,0,0,0,0,0,0,0
BOH_12_4,10,252,300,209,211,220,226,154,154,236,238,354,405,170,190,192,192,154,158,251,255,159,175,175,175,250,264,0,0,0,0,1,0,0,0,0,0,0,0,0
BOH_12_5,10,240,268,193,215,214,216,154,154,238,240,192,231,182,186,196,196,150,150,251,253,167,167,175,175,248,250,0,0,0,0,1,0,0,0,0,0,0,0,0
BOH_12_6,10,264,336,199,211,214,228,152,170,237,241,300,300,182,202,192,192,152,152,251,253,167,167,175,175,248,258,0,0,0,0,1,0,0,0,0,0,0,0,0
BOH_12_7,10,276,336,197,199,212,216,150,154,238,264,192,192,178,190,192,194,150,150,253,253,167,175,175,175,248,254,0,0,0,0,0,0,0,0,0,0,0,0,0
BOH_12_8,10,312,324,197,211,206,226,150,154,234,238,192,192,178,178,190,198,154,154,251,255,159,163,175,175,250,254,0,0,0,0,0,0,0,0,0,0,0,0,0
BOH_12_9,10,256,356,193,203,216,220,154,154,260,264,213,375,186,218,190,192,154,154,247,253,155,167,175,175,250,250,0,0,0,0,0,0,0,0,0,0,0,0,0
BOH_12_10,10,280,324,205,205,214,214,150,150,244,260,192,264,182,186,190,190,150,154,247,251,179,179,175,175,250,252,0,0,0,0,0,0,0,0,0,0,0,0,0
BOH_12_11,10,300,312,193,201,194,214,150,150,236,238,192,192,178,182,196,202,150,150,251,251,167,167,175,175,250,250,0,0,0,0,1,0,0,0,0,0,0,0,0
BOH_12_12,10,244,288,207,211,198,210,150,162,236,238,192,282,178,186,194,196,150,154,253,257,167,167,175,175,252,252,0,0,0,0,0,0,0,0,0,0,0,0,0
BOH_12_13,10,304,304,199,209,214,216,150,150,238,238,192,234,182,186,188,188,150,154,251,253,183,191,175,175,252,252,0,0,0,0,0,0,0,0,0,0,0,0,0
BOH_12_14,10,284,324,193,209,198,198,154,164,250,262,192,195,190,194,178,190,154,162,253,253,155,167,175,175,252,252,0,0,0,0,0,0,0,0,0,0,0,0,0
BOH_12_15,10,288,288,203,211,214,220,150,170,256,262,192,192,170,190,192,196,154,154,251,253,167,175,175,175,250,250,0,0,0,0,0,0,0,0,0,0,0,0,0
BOH_12_16,10,288,288,193,205,214,216,152,154,234,244,192,192,174,186,192,192,154,154,251,257,155,167,175,175,250,258,0,0,0,0,0,0,0,0,0,0,0,0,0
BOH_12_17,10,272,300,200,207,198,218,150,164,238,240,204,243,170,190,192,192,154,158,249,259,159,167,175,175,248,252,0,1,0,0,0,0,0,0,0,0,0,0,0
BOH_12_18,10,304,308,195,202,216,226,142,150,238,238,264,291,178,178,184,186,150,150,253,253,167,187,175,175,248,262,0,1,0,0,0,0,0,0,0,0,0,0,0
BOH_12_19,10,328,328,199,207,198,210,154,164,238,254,192,279,182,190,192,192,154,154,253,253,167,187,175,175,248,250,0,0,0,0,0,0,0,0,0,0,0,0,0
BOH_12_20,10,256,296,193,201,226,228,150,162,238,264,192,192,174,194,192,196,154,154,251,253,167,171,175,175,242,250,0,0,0,0,0,0,0,0,0,0,0,0,0
BOH_12_21,10,244,336,195,203,218,218,150,154,238,238,237,237,182,198,193,194,154,154,251,253,167,167,175,175,253,252,0,1,0,0,0,0,0,1,0,0,0,0,1
BOH_12_22,10,256,292,203,221,200,224,154,164,238,264,192,264,190,194,194,200,154,154,251,251,159,171,175,175,250,250,0,0,0,0,0,0,0,0,0,0,0,0,0
BOH_12_23,10,296,340,193,199,222,194,150,150,236,236,192,192,170,186,190,190,154,154,251,253,167,171,175,175,250,252,0,0,0,0,0,0,0,0,0,0,0,0,0
BOH_12_24,10,332,332,203,207,216,218,150,154,238,258,192,192,182,186,190,190,150,154,251,253,155,163,175,175,252,252,0,0,0,0,0,0,0,0,0,0,0,0,0
BOH_12_25,10,244,244,193,207,200,226,150,150,237,241,192,192,178,198,194,198,154,154,251,253,163,167,175,175,248,250,0,0,0,0,1,0,0,0,0,0,0,0,0
BOH_12_26,10,276,324,193,201,222,226,152,154,234,238,192,396,178,178,192,192,154,154,251,253,167,167,175,175,250,258,0,0,0,0,0,0,0,0,0,0,0,0,0
BOH_12_27,10,256,308,201,205,196,218,150,154,237,246,192,192,186,198,192,196,150,154,251,253,155,167,175,175,242,248,0,0,0,0,1,0,0,0,0,0,0,0,0
BOH_12_28,10,252,280,193,199,216,216,150,154,238,238,192,234,178,190,184,186,154,154,253,253,167,187,175,175,254,254,0,0,0,0,0,0,0,0,0,0,0,0,0
BOH_12_29,10,292,316,209,215,218,226,154,154,237,239,192,264,174,186,192,192,150,154,251,253,167,179,175,175,252,255,0,0,0,0,1,0,0,0,0,0,0,0,1
DUM_12_1,11,292,296,203,209,216,236,150,152,236,238,279,291,186,198,192,194,150,150,251,251,163,211,175,175,248,254,0,0,0,0,0,0,0,0,0,0,0,0,0
DUM_12_2,11,256,276,197,209,218,218,150,154,238,260,192,192,174,182,190,194,150,152,251,253,155,171,175,175,247,251,0,0,0,0,0,0,0,0,0,0,0,0,1
DUM_12_3,11,248,300,207,209,200,212,148,154,236,238,261,282,178,178,190,194,154,154,253,253,167,183,175,175,250,260,0,0,0,0,0,0,0,0,0,0,0,0,0
DUM_12_4,11,248,248,201,221,224,226,150,150,260,260,192,192,194,210,194,194,150,154,251,251,167,187,175,175,248,254,0,0,0,0,0,0,0,0,0,0,0,0,0
DUM_12_5,11,244,244,205,219,198,200,150,150,234,240,249,249,186,198,190,192,150,154,251,259,167,211,175,175,245,249,0,0,0,0,0,0,0,0,0,0,0,0,1
DUM_12_6,11,248,300,193,211,208,218,150,150,236,236,192,192,178,190,192,192,154,154,253,253,167,175,175,175,248,254,0,0,0,0,0,0,0,0,0,0,0,0,0
DUM_12_7,11,284,296,207,209,198,200,150,150,236,240,192,273,178,198,192,192,152,156,251,253,163,167,175,175,250,250,0,0,0,0,0,0,0,0,0,1,0,0,0
DUM_12_9,11,292,300,197,209,218,220,150,154,234,238,192,249,170,210,192,192,156,156,251,253,167,195,175,175,252,256,0,0,0,0,0,0,0,0,0,0,0,0,1
DUM_12_10,11,312,312,197,197,218,218,150,150,236,244,195,240,178,182,190,190,158,158,253,257,163,163,175,175,242,250,0,0,0,0,0,0,0,0,0,0,0,0,0
DUM_12_11,11,292,304,193,197,208,216,150,154,236,238,225,276,178,198,192,192,154,154,247,253,167,167,175,175,256,260,0,0,0,0,0,0,0,0,0,0,0,0,0
DUM_12_12,11,292,296,193,205,222,222,150,150,234,238,243,306,178,186,192,192,154,154,251,251,167,199,175,175,250,250,0,0,0,0,0,0,0,0,0,0,0,0,0
DUM_12_13,11,248,316,197,203,200,214,150,150,236,238,264,354,170,170,184,192,150,154,253,253,167,187,175,175,248,248,0,0,0,0,0,0,0,0,0,0,0,0,0
DUM_12_14,11,296,312,193,193,200,216,150,150,236,258,249,480,170,182,190,192,156,156,251,253,159,191,175,175,250,252,0,0,0,0,0,0,0,0,0,0,0,0,0
DUM_12_15,11,236,300,197,201,200,218,142,150,236,238,192,192,186,190,192,192,154,154,253,253,167,167,175,175,249,253,0,0,0,0,0,0,0,0,0,0,0,0,1
DUM_12_16,11,296,296,193,201,222,226,150,150,238,244,192,282,166,190,194,194,154,156,251,253,155,167,175,175,250,254,0,0,0,0,0,0,0,0,0,0,0,0,0
DUM_12_17,11,268,320,197,199,216,226,150,150,236,238,192,231,178,178,184,192,154,154,251,251,159,167,175,175,242,248,0,0,0,0,0,0,0,0,0,0,0,0,0
DUM_12_18,11,312,352,193,203,212,220,150,150,236,238,192,237,178,190,190,190,154,154,251,253,159,171,175,175,248,250,0,0,0,0,0,0,0,0,0,0,0,0,0
DUM_12_19,11,299,314,199,209,214,234,150,154,238,256,192,192,178,182,184,192,150,152,251,253,159,171,175,175,252,252,1,0,0,0,0,0,0,0,0,0,0,0,0
DUM_12_20,11,236,252,193,201,212,212,148,150,236,238,240,285,178,178,192,194,154,154,253,253,167,187,175,175,250,250,0,0,0,0,0,0,0,0,0,0,0,0,0
DUM_12_21,11,288,288,193,211,202,228,150,164,234,248,192,192,182,194,192,192,154,158,253,253,155,167,175,175,247,252,0,0,0,0,0,0,0,0,0,0,0,0,1
DUM_12_22,11,248,300,193,209,216,222,150,150,236,238,192,228,174,194,196,196,154,156,251,251,167,187,175,175,250,250,0,0,0,0,0,0,0,0,0,0,0,0,0
DUM_12_23,11,292,316,211,211,198,216,142,160,238,248,192,234,178,198,192,196,154,154,253,257,167,203,175,175,250,252,0,0,0,0,0,0,0,0,0,0,0,0,0
DUM_12_25,11,288,288,199,199,220,230,150,154,236,238,192,192,178,190,190,190,154,154,251,255,163,167,175,175,258,258,0,0,0,0,0,0,0,0,0,0,0,1,0
DUM_12_26,11,316,320,197,203,218,218,154,154,236,264,192,213,178,182,192,192,150,154,253,259,167,179,175,175,250,254,0,0,0,0,0,0,0,0,0,0,0,0,0
DUM_12_27,11,236,276,193,209,212,214,150,150,236,238,192,192,178,190,196,198,150,150,251,251,159,167,175,175,252,252,0,0,0,0,0,0,0,0,0,0,0,0,0
DUM_12_28,11,296,304,207,211,202,208,150,150,238,238,192,192,186,206,190,194,152,152,253,259,167,171,175,175,247,253,0,0,0,0,0,0,0,0,0,0,0,1,1
DUM_12_29,11,292,312,197,211,224,224,150,150,234,238,261,261,182,182,194,194,150,154,251,251,167,167,175,175,250,250,0,0,0,0,0,0,0,0,0,0,0,0,0
DUM_12_30,11,260,272,209,215,224,224,150,164,238,254,192,192,186,194,190,190,152,152,247,253,155,167,175,175,250,250,0,0,0,0,0,0,0,0,0,0,0,0,0
DUM_12_31,11,260,304,193,197,214,216,150,162,234,260,270,306,178,194,196,196,154,154,251,253,187,187,175,175,246,250,0,0,0,0,0,0,0,0,0,0,0,0,0
DUM_12_32,11,244,244,191,199,214,214,142,162,238,238,192,240,170,194,184,194,154,154,251,253,159,207,175,175,250,250,0,0,0,0,0,0,0,0,0,0,0,0,0
DUM_12_33,11,296,296,211,213,198,216,148,154,238,262,192,192,190,190,184,184,154,154,251,253,167,167,175,175,250,260,0,0,0,0,0,0,0,0,0,0,0,0,0
DUM_12_34,11,312,312,199,207,214,226,150,154,234,258,198,276,186,186,192,192,154,154,253,253,171,195,175,175,249,253,0,0,0,0,0,0,0,0,0,0,0,0,1
DUM_12_35,11,284,284,201,211,206,224,150,154,236,236,192,276,182,182,206,206,150,150,253,255,159,171,175,175,250,250,0,0,0,0,0,0,0,0,0,0,0,0,0
DUM_12_36,11,304,328,201,211,220,234,150,150,236,242,279,312,170,170,192,194,154,154,249,253,159,167,175,175,250,252,0,0,0,0,0,0,0,0,0,0,0,0,0
DUM_12_37,11,256,289,197,210,213,224,150,154,238,260,243,366,182,190,188,194,150,150,249,253,163,163,175,175,250,254,1,1,1,0,0,0,0,0,0,0,0,0,0
DUM_12_38,11,240,240,193,211,212,200,150,170,234,238,192,240,174,186,192,192,150,150,249,257,167,171,175,175,250,250,0,0,0,0,0,0,0,0,0,0,0,0,0
DUM_12_39,11,284,284,197,197,212,220,150,150,236,240,192,249,182,190,194,194,150,150,251,251,163,167,175,175,250,252,0,0,0,0,1,0,0,0,0,0,0,0,0
DUM_12_40,11,232,232,201,211,214,234,150,164,237,243,219,276,170,190,196,196,154,156,251,253,159,167,175,175,250,252,0,0,0,0,1,0,0,0,0,0,0,0,0
COR_12_1_Hos,12,304,304,203,211,234,234,150,164,234,236,228,285,178,190,218,218,154,154,253,253,159,163,175,175,252,252,0,0,0,0,0,0,0,0,0,0,0,0,0
COR_12_2_Hos,12,252,252,193,199,200,212,150,150,237,241,192,195,186,186,184,198,154,154,251,253,171,171,175,175,242,248,0,0,0,0,1,0,0,0,0,0,0,0,0
COR_12_3_Hos,12,240,312,193,213,200,228,150,162,236,244,192,192,186,194,192,192,150,154,251,251,159,159,175,175,246,250,0,0,0,0,0,0,0,0,0,0,0,0,1
COR_12_4_Hos,12,256,256,197,197,216,216,150,150,236,238,192,306,178,182,194,194,138,150,253,253,167,167,175,175,252,260,0,0,0,0,0,0,0,0,0,0,0,0,0
COR_12_5_Hos,12,272,292,207,209,200,230,150,150,234,238,243,270,178,186,192,192,150,150,253,259,167,175,175,175,250,258,0,0,0,0,0,0,0,0,0,0,0,0,0
COR_12_6_Hos,12,284,292,195,199,216,234,150,150,236,236,264,267,186,186,192,208,150,150,253,257,167,203,175,175,252,256,0,0,0,0,0,0,0,0,0,0,0,0,0
COR_12_7_Hos,12,268,268,203,217,216,230,150,160,236,238,192,258,178,190,192,192,150,150,253,255,179,179,175,175,258,258,0,0,0,0,0,0,0,0,0,0,0,0,0
COR_12_8_Hos,12,280,280,199,205,210,230,150,166,236,236,249,270,182,182,192,192,154,154,251,251,167,171,175,175,247,253,0,0,0,0,0,0,0,0,0,0,0,0,1
COR_12_9_Hos,12,268,312,205,209,198,212,150,150,236,236,228,252,178,182,190,196,150,154,251,251,163,171,175,175,252,252,0,0,0,0,0,0,0,0,0,0,0,0,0
COR_12_10_Hos,12,244,272,193,205,214,214,150,150,236,236,192,249,178,178,192,192,154,154,253,253,167,171,175,175,250,250,0,0,0,0,0,0,0,0,0,0,0,0,0
COR_12_11_Hos,12,316,316,197,211,224,226,150,150,236,236,264,264,178,186,192,194,154,190,253,253,167,167,175,175,242,250,0,0,0,0,0,0,0,0,0,0,0,0,0
COR_12_12_Hos,12,255,304,197,213,214,216,150,160,236,236,270,270,178,202,192,194,150,154,251,253,159,167,175,175,242,250,1,0,0,0,0,0,0,0,0,0,0,0,0
COR_12_13_Hos,12,300,324,205,211,214,218,150,150,236,236,192,192,186,190,190,192,154,154,251,253,175,179,175,175,252,252,0,0,0,0,0,0,0,0,0,0,0,0,0
COR_12_14_Hos,12,320,320,193,197,198,198,150,154,234,236,192,222,178,182,192,206,154,154,251,251,155,159,175,175,250,268,0,0,0,0,0,0,0,0,0,0,0,0,0
COR_12_15_Hos,12,285,310,193,199,214,214,160,166,236,236,192,192,170,210,190,192,150,150,253,259,167,171,175,175,268,268,1,0,0,0,0,0,0,0,0,0,0,0,0
COR_12_16_Hos,12,300,300,207,217,200,230,150,156,236,236,240,240,186,190,192,192,154,154,253,257,167,167,175,175,252,252,0,0,0,0,0,0,0,0,0,0,0,0,0
COR_12_17_Hos,12,260,272,193,193,214,214,150,164,234,236,192,192,178,178,194,208,154,154,253,253,159,175,175,175,242,242,0,0,0,0,0,0,0,0,0,0,0,0,0
COR_12_18_Hos,12,283,293,205,217,210,216,150,150,234,236,192,192,178,178,192,192,154,154,253,253,167,175,175,175,252,252,1,0,0,0,0,0,0,0,0,0,0,0,0
COR_12_19_Hos,12,252,268,197,201,192,192,150,150,236,236,192,192,186,206,190,190,150,154,253,253,167,171,175,175,250,250,0,0,0,0,0,0,0,0,0,0,0,0,0
COR_12_20_Hos,12,260,272,193,193,214,214,150,164,234,236,192,303,178,178,194,208,150,154,253,253,163,203,175,175,250,250,0,0,0,0,0,0,0,0,0,0,0,0,0
COR_12_21_Hos,12,272,272,205,209,216,216,150,154,236,238,282,303,178,190,193,196,150,154,253,257,171,171,175,175,245,252,0,0,0,0,0,0,0,1,0,0,0,0,1
COR_12_22_Hos,12,268,268,193,197,196,214,150,154,238,238,282,282,182,186,184,192,150,154,249,253,167,167,175,175,245,252,0,0,0,0,0,0,0,0,0,0,0,0,1
COR_12_23_Hos,12,260,276,193,201,212,214,150,150,234,236,267,267,186,190,192,192,150,150,253,253,171,203,175,175,250,250,0,0,0,0,0,0,0,0,0,0,0,0,0
COR_12_25_Hos,12,276,276,201,203,212,214,150,164,236,238,192,192,186,210,192,196,150,154,253,253,163,211,175,175,252,253,0,0,0,0,0,0,0,0,0,0,0,0,1
COR_12_26_Hos,12,264,276,199,209,210,216,150,164,236,236,192,192,186,198,192,220,150,154,253,253,159,175,175,175,250,250,0,0,0,0,0,0,0,0,0,0,0,0,0
COR_12_27_Hos,12,256,256,201,203,214,240,150,154,236,238,192,192,186,194,192,192,150,154,251,253,167,171,175,175,242,250,0,0,0,0,0,0,0,0,0,0,0,0,0
COR_12_28_Hos,12,273,290,205,205,212,212,150,150,236,242,192,192,178,210,192,208,154,154,253,255,155,175,175,175,242,250,1,0,0,0,0,0,0,0,0,0,0,0,0
COR_12_29_Hos,12,284,332,193,211,228,230,150,162,236,244,192,192,186,194,192,192,150,154,251,251,159,167,175,175,256,256,0,0,0,0,0,0,0,0,0,0,0,0,0
COR_12_30_Hos,12,272,272,193,209,214,226,150,150,236,238,213,227,178,178,192,192,150,154,253,253,167,175,175,175,246,258,0,0,0,0,0,1,0,0,0,0,0,0,0
COR_12_31_Hos,12,276,276,205,207,210,220,150,150,238,238,240,267,174,186,222,222,154,154,252,253,155,159,175,175,248,248,0,0,0,0,1,0,0,0,0,1,0,0,0
COR_12_33_Hos,12,236,280,199,199,198,214,150,164,241,245,192,192,186,210,192,196,154,154,251,253,167,179,175,175,242,250,0,0,0,0,1,0,0,0,0,0,0,0,0
COR_12_34_Hos,12,272,312,198,206,202,202,150,164,236,236,192,192,186,198,192,220,154,154,253,253,167,171,175,175,250,250,0,1,0,0,0,0,0,0,0,0,0,0,0
COR_12_35_Hos,12,276,276,197,205,216,234,150,154,238,238,192,192,186,194,192,192,150,150,253,253,167,167,175,175,242,252,0,0,0,0,0,0,0,0,0,0,0,0,0
COR_12_36_Hos,12,280,292,195,197,214,216,150,150,236,242,192,192,178,210,192,208,158,158,249,253,163,183,175,175,242,250,0,0,0,0,0,0,0,0,0,0,0,0,0
COR_12_37_Hos,12,280,280,199,205,214,220,150,162,236,244,192,192,186,194,192,192,150,150,253,255,159,183,175,175,250,252,0,0,0,0,0,0,0,0,0,0,0,0,0
COR_12_38_Hos,12,272,312,201,205,210,226,150,150,236,238,200,226,178,178,192,192,150,150,249,255,155,195,175,175,246,246,0,0,0,0,0,1,0,0,0,0,0,0,0
COR_12_39_Hos,12,248,284,193,199,214,220,150,150,236,244,240,267,174,186,222,222,150,150,253,253,159,171,175,175,248,252,0,0,0,0,1,0,0,0,0,0,0,0,1
COR_12_40_Hos,12,276,276,199,203,202,216,150,150,236,238,192,273,178,202,190,196,150,154,253,259,167,191,175,175,249,255,0,0,0,0,1,0,0,0,0,0,0,0,1
COR_12_41_Hos,12,280,280,199,199,208,214,150,154,236,236,192,192,178,182,192,196,150,150,253,257,167,167,175,175,250,258,0,0,0,0,0,0,0,0,0,0,0,0,0
COR_12_42_Hos,12,256,256,193,193,212,220,150,150,236,240,228,261,186,186,192,196,154,154,251,253,167,171,175,175,242,250,0,0,0,0,1,0,0,1,0,0,0,0,0
COR_12_43_Hos,12,284,284,203,205,210,214,150,150,236,242,192,333,182,186,192,192,150,154,253,253,175,195,175,175,252,256,0,0,0,0,0,0,0,0,0,0,0,0,0
COR_12_44_Hos,12,276,288,197,199,214,234,150,150,238,238,237,246,178,186,192,192,154,154,253,253,163,183,175,175,242,250,0,0,0,0,0,0,0,0,0,0,0,0,0
COR_12_45_Hos,12,276,276,193,193,210,234,150,162,238,238,192,270,182,190,196,214,150,154,253,253,167,167,175,175,258,258,0,0,0,0,0,0,0,0,0,0,0,0,0
COR_12_46_Hos,12,272,272,199,207,214,220,150,150,236,236,192,192,186,238,190,196,150,150,253,253,171,179,175,175,242,250,0,0,0,0,0,0,0,0,0,0,0,0,0
COR_12_47_Hos,12,268,268,197,211,210,212,150,158,236,236,247,283,170,194,192,200,154,154,253,253,167,179,175,175,242,250,0,0,0,0,0,1,0,0,0,0,0,0,0
COR_12_48_Hos,12,300,304,199,199,198,214,150,150,236,242,273,273,186,186,206,206,150,150,253,253,179,195,175,175,242,252,0,0,0,0,0,0,0,0,0,0,0,0,0
COR_12_49_Hos,12,252,252,203,207,210,224,150,166,234,236,279,279,178,182,192,192,154,156,253,253,159,167,175,175,250,250,0,0,0,0,0,0,0,0,0,0,0,0,0
COR_12_50_Hos,12,272,300,193,205,210,236,150,160,236,238,270,270,198,198,192,192,150,154,253,253,159,167,175,175,250,250,0,0,0,0,0,0,0,0,0,0,0,0,0
COR_12_51_Hos,12,274,292,193,205,210,212,150,150,238,258,192,192,182,186,184,184,150,154,253,253,155,159,175,175,242,250,1,0,0,0,0,0,0,0,0,0,0,0,0
SAM_12_5_Hos,13,252,280,193,199,216,216,150,150,236,240,192,192,198,198,190,190,148,150,253,253,167,171,175,175,249,253,0,0,0,0,0,0,0,0,0,0,0,0,1
SAM_12_6_Hos,13,256,256,193,203,222,222,150,152,236,238,195,246,186,186,182,194,150,154,251,253,163,191,175,175,242,250,0,0,0,0,0,0,0,0,0,0,0,0,0
SAM_12_7_Hos,13,320,348,193,207,214,214,150,150,240,248,270,468,174,178,192,192,150,154,251,253,159,171,175,175,256,256,0,0,0,0,0,0,0,0,0,0,0,0,0
SAM_12_8_Hos,13,304,344,213,219,200,228,150,164,234,244,192,252,186,190,192,192,154,174,251,253,219,223,175,175,242,250,0,0,0,0,0,0,0,0,0,0,0,0,0
SAM_12_9_Hos,13,320,344,193,205,200,214,150,150,236,236,192,219,194,198,192,194,154,156,251,253,155,167,175,175,250,254,0,0,0,0,0,0,0,0,0,0,0,0,1
SAM_12_10_Hos,13,256,292,201,209,212,214,150,154,238,240,267,267,170,194,192,192,150,154,251,253,167,167,175,175,246,252,0,0,0,0,0,0,0,0,0,0,0,0,1
SAM_12_11_Hos,13,272,284,201,201,212,222,150,162,234,236,192,192,182,186,192,194,154,154,251,253,159,167,175,175,256,256,0,0,0,0,0,0,0,0,0,0,0,1,0
SAM_12_12_Hos,13,336,336,197,199,202,226,150,154,234,240,192,192,170,182,192,192,153,155,253,253,167,171,175,175,250,254,0,0,0,0,0,0,0,0,1,0,0,0,1
SAM_12_13_Hos,13,292,316,199,207,214,216,150,150,238,238,231,288,170,182,184,196,150,154,253,253,167,187,175,175,252,252,0,0,0,0,0,0,0,0,0,0,0,0,0
SAM_12_16_Hos,13,228,336,197,201,202,208,150,160,234,248,192,267,182,186,192,194,150,154,251,253,171,179,175,175,250,254,0,0,0,0,0,0,0,0,0,0,0,0,1
SAM_12_17_Hos,13,244,352,193,205,220,222,150,154,238,242,321,321,178,190,184,218,154,162,255,259,159,167,175,175,248,250,0,0,0,0,0,0,0,0,0,0,0,0,0
SAM_12_18_Hos,13,320,320,201,215,200,216,150,150,236,240,192,234,186,194,192,192,152,154,251,253,167,179,175,175,251,254,0,0,0,0,0,0,0,0,0,0,0,0,1
SAM_12_19_Hos,13,282,314,199,217,200,216,150,164,240,240,192,234,170,182,192,192,150,154,251,255,159,167,175,175,254,254,1,0,0,0,0,0,0,0,0,0,0,0,0
SAM_12_20_Hos,13,336,336,193,215,220,222,150,150,238,242,192,447,178,198,190,192,154,154,253,255,159,211,175,175,248,248,0,0,0,0,0,0,0,0,0,0,0,0,1
SAM_12_21_Hos,13,308,336,207,209,216,216,150,154,256,258,192,192,182,190,192,192,150,154,253,253,163,215,175,175,250,252,0,0,0,0,0,0,0,0,0,0,0,0,0
SAM_12_24_Hos,13,272,300,193,205,202,216,150,150,254,254,234,249,174,186,192,192,150,150,249,253,171,219,175,175,248,250,0,0,0,0,0,0,0,0,0,0,0,0,0
SAM_12_25_Hos,13,260,261,193,209,210,221,150,152,238,238,192,192,182,194,191,195,154,158,253,253,163,163,175,175,242,258,1,0,1,0,0,0,0,1,0,0,0,0,0
SAM_12_26_Hos,13,248,296,211,211,212,212,150,150,234,234,192,267,182,182,190,192,154,156,251,253,163,191,175,175,251,256,0,0,0,0,0,0,0,0,0,0,0,0,1
SAM_12_27_Hos,13,252,304,203,211,232,232,150,150,238,252,192,234,186,186,186,192,134,150,251,253,155,167,175,175,249,250,0,0,0,0,0,0,0,0,0,0,0,0,1
SAM_12_28_Hos,13,252,348,193,201,226,232,150,154,238,260,234,249,182,190,192,192,150,154,253,253,175,179,175,175,250,250,0,0,0,0,0,0,0,0,0,0,0,0,0
SAM_12_29_Hos,13,256,320,201,203,194,228,150,154,236,238,423,423,170,190,192,192,154,154,251,251,167,179,175,175,250,250,0,0,0,0,0,0,0,0,0,0,0,0,0
SAM_12_30_Hos,13,272,280,193,199,212,220,154,162,238,240,198,198,170,178,190,190,150,154,253,253,163,215,175,175,250,251,0,0,0,0,0,0,0,0,0,0,0,0,1
SAM_12_31_Hos,13,304,312,197,201,218,224,150,150,236,256,192,192,186,190,192,192,150,154,253,253,171,171,175,175,248,256,0,0,0,0,0,0,0,0,0,0,0,0,0
SAM_12_32_Hos,13,264,272,199,207,208,210,150,150,238,260,192,240,182,198,190,190,150,152,251,253,167,183,175,175,254,254,0,0,0,0,0,0,0,0,0,0,0,0,0
GEN_12_1_Hos,14,256,292,193,207,214,216,146,148,234,240,246,249,170,182,186,186,154,158,249,251,159,167,175,175,252,252,0,0,0,0,0,0,0,0,0,0,0,0,0
GEN_12_2_Hos,14,276,284,193,203,200,214,148,152,234,236,198,237,190,198,208,208,150,154,251,253,159,159,175,175,250,254,0,0,0,0,0,0,0,0,0,0,0,0,0
GEN_12_3_Hos,14,280,316,193,195,206,224,146,148,236,238,192,192,170,222,212,214,154,154,253,253,167,171,175,175,242,252,0,0,0,0,0,0,0,0,0,0,0,0,0
GEN_12_4_Hos,14,284,292,193,201,220,230,154,154,236,238,192,192,186,202,198,198,150,154,251,253,159,183,175,175,250,252,0,0,0,0,0,0,0,0,0,0,0,0,1
GEN_12_5_Hos,14,266,286,197,197,212,216,148,152,238,242,264,273,170,182,194,194,154,154,253,253,183,195,175,175,246,252,1,0,0,0,0,0,0,0,0,0,0,0,1
GEN_12_6_Hos,14,281,298,201,201,214,214,148,152,238,256,192,192,198,198,192,192,154,154,251,251,155,167,175,175,247,251,1,0,0,0,0,0,0,0,0,0,0,0,1
GEN_12_7_Hos,14,304,344,197,199,226,230,150,152,236,238,246,276,170,186,192,194,150,154,251,251,167,167,175,175,248,252,0,0,0,0,0,0,0,0,0,0,0,0,1
GEN_12_8_Hos,14,272,336,199,209,228,228,146,148,238,238,192,192,182,190,190,194,154,154,251,251,163,175,175,175,250,274,0,0,0,0,0,0,0,0,0,0,0,0,0
GEN_12_9_Hos,14,264,280,197,207,220,222,148,158,236,236,234,372,170,190,192,192,152,154,251,253,167,215,175,175,248,248,0,0,0,0,0,0,0,0,0,0,0,0,0
GEN_12_10_Hos,14,256,260,193,201,230,194,148,152,238,238,231,234,178,182,192,194,150,150,253,253,159,187,175,175,242,248,0,0,0,0,0,0,0,0,0,0,0,1,0
GEN_12_11_Hos,14,292,296,201,213,212,212,146,148,236,252,192,192,198,214,188,192,150,150,251,253,167,183,175,175,250,252,0,0,0,0,0,0,0,0,0,0,0,0,0
GEN_12_12_Hos,14,252,344,201,205,212,216,148,148,248,250,192,243,186,194,184,192,150,150,253,259,163,191,175,175,250,250,0,0,0,0,0,0,0,0,0,0,0,0,0
GEN_12_13_Hos,14,256,284,200,205,220,222,148,152,236,238,192,192,178,186,192,198,150,156,253,253,155,183,175,175,251,252,0,1,0,0,0,0,0,0,0,0,0,0,1
GEN_12_14_Hos,14,284,292,205,205,220,224,146,152,236,236,192,192,202,202,192,192,150,154,253,253,159,183,175,175,250,250,0,0,0,0,0,0,0,0,0,0,0,0,0
GEN_12_15_Hos,14,320,324,193,193,216,200,146,148,232,234,192,192,178,186,192,192,150,154,253,253,155,163,175,175,250,252,0,0,0,0,0,0,0,0,0,0,0,0,0
GEN_12_16_Hos,14,260,304,197,197,210,212,148,150,234,238,192,264,170,198,198,198,154,154,251,253,167,207,175,175,250,252,0,0,0,0,0,0,0,0,0,0,0,0,1
GEN_12_17_Hos,14,256,344,193,205,214,224,148,150,238,238,243,246,170,186,192,194,150,150,251,253,167,167,175,175,260,250,0,0,0,0,0,0,0,0,0,0,0,0,0
GEN_12_18_Hos,14,290,319,199,199,216,218,148,152,234,234,192,192,178,190,188,188,154,156,253,257,215,223,175,175,250,250,1,0,0,0,0,0,0,0,0,0,0,0,0
GEN_12_19_Hos,14,272,276,197,207,210,212,148,152,234,238,192,192,182,186,194,194,154,154,253,253,163,167,175,175,250,255,0,1,0,0,0,0,0,0,0,0,0,0,1
GEN_12_20_Hos,14,286,309,193,199,214,224,148,152,238,242,234,300,186,198,192,192,154,154,252,253,155,167,175,175,248,248,1,0,0,0,0,0,0,0,0,1,0,0,0
GEN_12_21_Hos,14,284,292,197,201,202,230,150,152,236,238,192,192,186,202,196,198,150,154,251,253,159,183,175,175,247,249,0,0,0,0,0,0,0,0,0,0,0,0,1
GEN_12_22_Hos,14,272,300,193,193,212,214,148,158,240,242,264,369,170,202,190,212,154,154,249,253,163,191,175,175,248,252,0,0,0,0,0,0,0,0,0,0,0,1,0
GEN_12_23_Hos,14,280,288,207,207,212,220,152,156,238,238,234,267,190,194,190,192,154,154,253,253,159,167,175,175,250,250,0,0,0,0,0,0,0,0,0,0,0,0,0
GEN_12_24_Hos,14,276,308,197,197,200,220,148,148,238,238,192,300,186,186,192,192,154,154,253,253,167,167,175,175,250,254,0,0,0,0,0,0,0,0,0,0,0,0,0
GEN_12_26_Hos,14,296,300,193,199,222,224,146,148,236,238,192,192,170,174,190,192,150,156,253,253,167,171,175,175,250,250,0,0,0,0,0,0,0,0,0,0,0,0,0
GEN_12_27_Hos,14,300,304,193,197,208,210,148,150,234,238,273,273,182,190,184,194,154,154,253,253,155,195,175,175,248,248,0,0,0,0,0,0,0,0,0,0,0,0,0
GEN_12_28_Hos,14,272,276,197,215,210,210,148,152,242,244,273,297,182,190,184,194,154,154,253,253,163,167,175,175,248,248,0,0,0,0,0,0,0,0,0,0,0,0,0
GEN_12_29_Hos,14,256,296,198,207,214,216,148,148,234,238,192,192,170,186,192,192,156,156,253,255,167,175,175,175,260,260,0,1,0,0,0,0,0,0,0,0,0,0,0
GEN_12_30_Hos,14,277,292,193,205,200,210,148,152,236,244,297,300,186,190,184,194,154,158,253,253,155,155,175,175,242,250,1,0,0,0,0,0,0,0,0,0,0,0,0
GEN_12_31_Hos,14,340,344,211,213,214,224,146,148,236,238,192,285,190,190,184,184,154,154,251,253,155,215,175,175,252,254,0,0,0,0,0,0,0,0,0,0,0,0,1
GEN_12_32_Hos,14,288,296,193,193,204,214,148,152,238,238,192,192,170,190,190,192,154,156,253,253,167,175,175,175,250,250,0,0,0,0,0,0,0,0,0,0,0,0,0
GEN_12_33_Hos,14,300,304,197,215,206,210,148,150,242,242,270,273,186,198,198,198,154,154,253,253,155,195,175,175,248,252,0,0,0,0,0,0,0,0,0,0,0,0,0
GEN_12_34_Hos,14,304,308,199,205,230,230,146,148,238,238,192,300,170,190,192,192,150,154,251,253,155,163,175,175,253,256,0,0,0,0,0,0,0,0,0,0,0,0,1
GEN_12_35_Hos,14,272,295,195,206,220,226,148,152,232,234,192,192,170,182,184,194,154,156,251,253,167,183,175,175,256,256,1,1,0,0,0,0,0,0,0,0,0,0,0
GEN_12_36_Hos,14,256,344,193,205,214,230,148,150,234,238,243,246,182,186,192,192,150,150,253,255,163,175,175,175,256,256,0,0,0,0,0,0,0,0,0,0,0,0,0
GEN_12_37_Hos,14,232,248,205,205,214,222,146,152,234,240,192,219,170,190,190,192,150,154,251,253,167,167,175,175,250,254,0,0,0,0,0,0,0,0,0,0,0,0,0
GEN_12_38_Hos,14,312,312,193,193,222,232,146,148,234,238,192,204,182,198,192,194,150,154,251,251,167,187,175,175,250,254,0,0,0,0,0,0,0,0,0,0,0,0,0
GEN_12_39_Hos,14,260,304,197,201,210,212,148,152,236,242,273,297,182,182,192,194,154,154,253,253,195,207,175,175,248,252,0,0,0,0,0,0,0,0,0,0,0,0,0
GEN_12_40_Hos,14,252,256,193,205,216,208,146,148,238,246,354,357,170,186,192,198,154,156,253,253,159,167,175,175,246,248,0,0,0,0,0,0,0,0,0,0,0,0,0
GEN_12_41_Hos,14,304,308,197,201,212,214,150,164,238,238,192,231,186,198,190,196,154,154,251,253,155,167,175,175,248,252,0,0,0,0,0,0,0,0,0,0,0,0,0
GEN_12_42_Hos,14,276,304,201,215,210,210,148,150,242,242,273,297,190,198,196,198,150,150,251,253,159,163,175,175,254,254,0,0,0,0,0,0,0,0,0,0,0,0,0
GEN_12_43_Hos,14,328,344,193,193,212,214,146,148,236,236,192,192,170,178,192,194,150,154,251,251,155,175,175,175,250,250,0,0,0,0,0,0,0,0,0,0,0,0,0
GEN_12_44_Hos,14,296,344,193,205,216,224,146,148,236,238,309,309,170,182,192,192,154,156,253,255,167,175,175,175,256,256,0,0,0,0,0,0,0,0,0,0,0,0,0
GEN_12_45_Hos,14,272,276,193,201,210,210,148,150,238,242,192,192,182,190,184,194,154,154,253,254,155,167,175,175,248,255,0,0,0,0,0,0,0,0,0,1,0,0,1
TWI_12_1_Hos,15,296,308,201,201,202,214,150,150,236,236,192,228,182,198,186,192,150,154,253,257,167,187,175,175,250,254,0,0,0,0,0,0,0,0,0,0,0,0,0
TWI_12_2_Hos,15,324,324,193,193,214,214,150,150,236,238,192,192,190,198,184,184,154,154,253,257,167,167,175,175,249,253,0,0,0,0,0,0,0,0,0,0,0,0,1
TWI_12_3_Hos,15,268,268,207,219,210,214,150,150,234,238,192,195,178,182,192,192,154,154,251,251,159,187,175,175,250,250,0,0,0,0,0,0,0,0,0,0,0,0,0
TWI_12_4_Hos,15,296,312,201,215,210,214,150,154,236,238,231,264,170,190,192,192,150,154,251,251,167,167,175,175,253,256,0,0,0,0,0,0,0,0,0,0,0,0,1
TWI_12_5_Hos,15,276,300,201,201,214,222,150,150,236,238,192,282,182,198,190,190,150,154,249,253,163,167,175,175,250,252,0,0,0,0,0,0,0,0,0,0,0,0,0
TWI_12_6_Hos,15,280,296,197,201,210,222,150,150,234,236,192,192,170,194,194,194,150,154,253,257,159,171,175,175,250,256,0,0,0,0,0,0,0,0,0,0,0,0,1
TWI_12_7_Hos,15,296,296,201,215,196,236,148,150,234,238,192,192,186,190,194,194,150,158,251,253,155,175,175,175,242,242,0,0,0,0,0,0,0,0,0,0,0,0,0
TWI_12_8_Hos,15,272,344,209,221,230,230,150,154,236,236,192,225,174,186,188,190,154,154,251,253,159,171,175,175,250,254,0,0,0,0,0,0,0,0,0,0,0,0,0
TWI_12_9_Hos,15,263,292,195,219,232,232,150,160,238,256,288,288,170,174,192,192,154,154,253,253,159,171,171,171,250,252,1,0,0,0,0,0,0,0,0,0,0,0,0
TWI_12_10_Hos,15,292,308,197,201,212,222,150,150,236,238,192,192,170,186,208,208,150,154,253,253,167,171,175,175,252,252,0,0,0,0,0,0,0,0,0,0,0,0,0
TWI_12_11_Hos,15,304,304,193,193,210,218,150,154,236,236,255,327,182,190,189,192,154,154,253,255,167,191,175,175,252,252,0,0,0,0,0,0,0,1,0,0,0,0,0
TWI_12_12_Hos,15,304,304,199,205,208,210,150,152,236,236,192,297,182,186,190,190,150,154,253,261,167,187,175,175,242,250,0,1,0,0,0,0,0,0,0,1,0,0,0
TWI_12_13_Hos,15,280,320,193,219,212,214,152,160,238,238,192,192,170,190,190,190,154,154,251,251,167,211,175,175,248,248,0,0,0,0,0,0,0,0,0,0,0,0,0
TWI_12_14_Hos,15,276,300,197,197,214,214,150,150,238,238,192,192,190,222,184,192,150,150,253,253,167,171,175,175,251,254,0,0,0,0,0,0,0,0,0,0,0,0,1
TWI_12_15_Hos,15,316,316,193,205,194,206,150,154,234,234,192,192,178,182,192,206,150,150,251,253,183,199,175,175,248,250,0,0,0,0,0,0,0,0,0,0,0,0,0
TWI_12_16_Hos,15,256,280,205,209,216,216,150,154,244,254,288,288,182,194,198,198,150,150,251,253,155,167,175,175,246,250,0,0,0,0,0,0,0,0,0,0,0,0,0
TWI_12_17_Hos,15,268,280,197,217,210,220,150,150,234,234,192,192,178,178,192,192,154,154,253,253,167,191,175,175,252,252,0,0,0,0,0,0,0,0,0,0,0,0,0
TWI_12_18_Hos,15,276,336,207,209,232,232,150,150,234,240,192,192,186,190,184,192,154,154,251,251,159,191,175,175,250,252,0,0,0,0,0,0,0,0,0,0,0,0,0
TWI_12_19_Hos,15,252,252,193,193,212,212,150,150,238,240,192,285,170,182,192,206,150,150,253,253,167,167,175,175,250,254,0,0,0,0,0,0,0,0,0,0,0,0,0
TWI_12_20_Hos,15,300,300,193,201,220,224,150,150,238,248,192,288,182,194,186,192,152,156,253,253,155,175,175,175,250,254,0,0,0,0,0,0,0,0,0,0,0,0,0
TWI_12_21_Hos,15,252,304,197,205,214,222,150,150,238,238,192,240,174,182,192,192,150,150,251,251,187,199,175,175,250,252,0,0,0,0,0,0,0,0,0,0,0,0,0
TWI_12_22_Hos,15,296,312,193,197,200,216,150,154,238,238,192,192,177,202,192,238,154,154,253,253,159,171,175,175,242,250,0,0,0,0,0,0,1,0,0,0,0,0,0
TWI_12_25_Hos,15,248,264,201,209,210,214,150,164,254,254,192,192,194,210,194,194,150,150,251,253,163,167,175,175,248,248,0,0,0,0,0,0,0,0,0,0,0,0,0
TWI_12_26_Hos,15,296,296,193,199,216,216,150,152,234,242,192,195,178,190,192,192,150,154,253,253,175,175,175,175,242,252,0,0,0,0,0,0,0,0,0,0,0,0,0
TWI_12_27_Hos,15,252,272,193,219,200,206,150,160,236,236,192,195,190,194,192,192,154,154,249,253,179,191,175,175,250,258,0,0,0,0,0,0,0,0,0,0,0,0,0
TWI_12_28_Hos,15,264,264,207,213,204,224,150,152,248,240,219,219,178,190,192,194,154,154,251,253,163,183,175,175,250,250,0,0,0,0,0,0,0,0,0,0,0,0,0
TWI_12_29_Hos,15,264,264,193,199,214,214,150,150,240,240,219,219,174,186,184,192,154,154,253,253,191,195,175,175,248,250,0,0,0,0,0,0,0,0,0,0,0,0,0
TWI_12_30_Hos,15,240,316,205,211,210,214,150,150,236,256,192,240,170,170,200,200,154,154,251,253,163,167,175,175,252,252,0,0,0,0,0,0,0,0,0,0,0,0,0
TWI_12_31_Hos,15,284,296,201,205,214,216,150,150,236,258,192,192,178,190,194,194,154,154,251,253,159,187,175,175,250,252,0,0,0,0,0,0,0,0,0,0,0,0,0
TWI_12_32_Hos,15,256,296,193,201,204,220,150,150,238,238,192,192,174,182,192,208,154,158,251,253,167,167,175,175,262,264,0,0,0,0,0,0,0,0,0,0,0,0,0
TWI_12_34_Hos,15,276,276,193,207,204,230,150,150,234,236,192,192,182,190,192,192,154,156,251,253,167,195,175,175,252,252,0,0,0,0,0,0,0,0,0,0,0,0,0
TWI_12_35_Hos,15,256,288,193,201,208,216,150,150,236,256,240,249,170,170,194,198,154,154,251,253,167,171,175,175,250,250,0,0,0,0,0,0,0,0,0,0,0,0,0
TWI_12_36_Hos,15,252,312,193,211,192,212,150,154,236,256,192,192,190,190,192,192,150,154,253,253,155,159,175,175,242,242,0,0,0,0,0,0,0,0,0,0,0,0,0
TWI_12_37_Hos,15,284,320,193,213,208,214,150,162,234,238,192,192,198,202,192,192,154,162,251,253,155,163,175,175,242,252,0,0,0,0,0,0,0,0,0,0,0,0,0
TWI_12_38_Hos,15,272,272,199,205,204,228,150,150,234,238,192,192,186,186,192,192,154,154,251,257,159,159,175,175,250,256,0,0,0,0,0,0,0,0,0,0,0,1,0
TWI_12_39_Hos,15,256,304,207,213,208,224,150,152,236,258,192,228,182,186,192,208,150,150,251,253,155,171,175,175,250,250,0,0,0,0,0,0,0,0,0,0,0,0,0
TWI_12_40_Hos,15,292,304,199,201,196,210,154,162,236,238,192,219,186,194,192,192,154,154,251,253,155,167,175,175,248,254,0,0,0,0,0,0,0,0,0,0,0,0,0
TWI_12_41_Hos,15,288,288,193,199,206,238,152,164,234,236,192,192,174,178,192,194,154,162,253,253,163,199,175,175,248,252,0,0,0,0,0,0,0,0,0,0,0,0,0
TWI_12_42_Hos,15,248,248,193,209,204,204,150,150,236,238,192,240,182,186,192,194,154,154,253,253,155,179,175,175,250,250,0,0,0,0,0,0,0,0,0,0,0,0,0
TWI_12_45_Hos,15,268,293,202,215,214,214,150,150,236,236,192,192,178,178,192,194,152,152,253,253,167,179,175,175,252,252,1,1,0,0,0,0,0,0,1,0,0,0,0
TWI_12_46_Hos,15,216,216,199,210,216,218,150,150,230,236,192,192,174,182,182,192,158,162,249,249,159,163,175,175,250,252,0,1,1,0,0,0,0,0,0,0,0,0,0
TWI_12_47_Hos,15,284,284,202,210,214,214,148,150,236,236,192,192,174,174,184,192,162,162,249,253,159,159,175,175,250,256,0,1,0,0,0,0,0,0,0,0,0,0,0